date,open,high,low,close,volume,weekday
2015-01-01 00:00:00+05:30,391.0,398.43,391.0,396.7,30122,3
2015-01-02 00:00:00+05:30,394.03,397.45,389.0,391.25,43226,4
2015-01-05 00:00:00+05:30,392.95,394.0,388.03,389.63,110070,0
2015-01-06 00:00:00+05:30,390.0,391.5,377.5,379.35,351996,1
2015-01-07 00:00:00+05:30,375.6,384.3,375.6,381.43,610864,2
2015-01-08 00:00:00+05:30,389.0,389.0,378.58,379.45,287058,3
2015-01-09 00:00:00+05:30,379.6,385.95,379.6,383.78,412692,4
2015-01-12 00:00:00+05:30,389.0,411.0,386.03,401.73,675482,0
2015-01-13 00:00:00+05:30,405.0,432.5,404.98,428.25,955330,1
2015-01-14 00:00:00+05:30,430.35,447.2,421.3,441.93,1452746,2
2015-01-15 00:00:00+05:30,444.48,444.48,430.5,433.55,296784,3
2015-01-16 00:00:00+05:30,436.7,447.2,430.95,438.0,246262,4
2015-01-19 00:00:00+05:30,438.0,443.58,434.1,436.58,130674,0
2015-01-20 00:00:00+05:30,436.58,437.9,421.68,426.95,213308,1
2015-01-21 00:00:00+05:30,429.95,436.0,425.7,429.93,218150,2
2015-01-22 00:00:00+05:30,429.0,464.98,428.95,445.55,1014526,3
2015-01-23 00:00:00+05:30,454.95,454.95,444.73,449.08,230576,4
2015-01-27 00:00:00+05:30,449.98,469.35,440.93,467.3,546466,1
2015-01-28 00:00:00+05:30,469.5,483.0,449.03,464.6,900240,2
2015-01-29 00:00:00+05:30,467.48,474.95,455.05,458.85,1742328,3
2015-01-30 00:00:00+05:30,458.85,463.5,452.25,459.88,298624,4
2015-02-02 00:00:00+05:30,459.98,476.5,452.0,461.5,1433036,0
2015-02-03 00:00:00+05:30,463.0,474.0,461.53,470.3,508968,1
2015-02-04 00:00:00+05:30,473.45,474.35,457.03,461.9,259078,2
2015-02-05 00:00:00+05:30,463.0,471.9,456.3,459.05,304100,3
2015-02-06 00:00:00+05:30,462.5,462.5,442.5,447.8,763904,4
2015-02-09 00:00:00+05:30,452.2,471.45,442.5,467.83,461212,0
2015-02-10 00:00:00+05:30,469.4,481.95,468.0,477.63,381236,1
2015-02-11 00:00:00+05:30,480.0,508.1,470.55,498.78,471086,2
2015-02-12 00:00:00+05:30,507.0,512.45,496.53,501.05,317842,3
2015-02-13 00:00:00+05:30,505.5,522.95,499.5,508.4,455922,4
2015-02-16 00:00:00+05:30,510.0,522.42,506.85,514.2,426640,0
2015-02-18 00:00:00+05:30,512.5,517.15,503.08,510.0,385908,2
2015-02-19 00:00:00+05:30,512.0,514.2,486.85,495.05,110350,3
2015-02-20 00:00:00+05:30,499.5,500.35,481.05,485.28,182070,4
2015-02-23 00:00:00+05:30,487.5,510.0,487.5,501.55,301164,0
2015-02-24 00:00:00+05:30,504.9,512.58,496.5,498.95,281276,1
2015-02-25 00:00:00+05:30,500.5,503.4,490.03,493.35,128902,2
2015-02-26 00:00:00+05:30,495.5,497.93,476.5,485.55,218442,3
2015-02-27 00:00:00+05:30,486.0,489.0,477.5,479.63,249246,4
2015-03-02 00:00:00+05:30,483.5,487.68,477.63,482.25,210358,0
2015-03-03 00:00:00+05:30,483.33,500.53,483.25,497.45,282322,1
2015-03-04 00:00:00+05:30,501.9,519.2,497.45,515.03,419306,2
2015-03-05 00:00:00+05:30,516.3,549.0,511.1,521.78,702046,3
2015-03-09 00:00:00+05:30,518.5,523.5,507.08,513.28,328036,0
2015-03-10 00:00:00+05:30,516.35,562.0,516.0,540.03,793450,1
2015-03-11 00:00:00+05:30,540.5,554.0,531.88,540.4,337734,2
2015-03-12 00:00:00+05:30,538.5,565.0,538.5,561.33,259188,3
2015-03-13 00:00:00+05:30,565.95,571.48,531.55,534.92,272528,4
2015-03-16 00:00:00+05:30,535.0,548.38,529.28,532.45,115638,0
2015-03-17 00:00:00+05:30,535.15,543.65,530.5,538.88,114878,1
2015-03-18 00:00:00+05:30,541.7,552.48,534.67,549.63,307400,2
2015-03-19 00:00:00+05:30,552.5,552.5,524.03,528.75,240322,3
2015-03-20 00:00:00+05:30,530.0,533.65,497.5,502.58,481944,4
2015-03-23 00:00:00+05:30,502.5,504.5,471.53,495.93,755878,0
2015-03-24 00:00:00+05:30,500.0,514.45,487.53,491.6,864620,1
2015-03-25 00:00:00+05:30,496.5,512.5,494.8,508.9,457982,2
2015-03-26 00:00:00+05:30,507.5,524.5,497.53,506.18,339782,3
2015-03-27 00:00:00+05:30,510.0,516.42,497.93,505.48,126974,4
2015-03-30 00:00:00+05:30,505.5,512.98,493.28,499.33,233838,0
2015-03-31 00:00:00+05:30,500.0,510.0,498.28,500.6,83978,1
2015-04-01 00:00:00+05:30,496.5,507.5,496.0,498.18,422600,2
2015-04-06 00:00:00+05:30,502.95,512.42,501.13,507.3,155296,0
2015-04-07 00:00:00+05:30,510.0,525.98,510.0,517.73,250962,1
2015-04-08 00:00:00+05:30,518.0,550.63,517.5,544.5,287220,2
2015-04-09 00:00:00+05:30,551.5,554.38,532.5,536.4,277522,3
2015-04-10 00:00:00+05:30,539.4,559.0,530.53,555.03,232028,4
2015-04-13 00:00:00+05:30,555.0,560.8,540.03,549.35,134758,0
2015-04-15 00:00:00+05:30,551.5,551.5,533.7,537.6,126424,2
2015-04-16 00:00:00+05:30,539.1,549.33,519.35,525.35,136140,3
2015-04-17 00:00:00+05:30,527.25,528.5,510.5,521.98,155546,4
2015-04-20 00:00:00+05:30,521.0,522.28,497.75,502.1,255116,0
2015-04-21 00:00:00+05:30,503.0,517.42,500.0,504.98,128222,1
2015-04-22 00:00:00+05:30,505.15,515.0,492.83,501.53,466396,2
2015-04-23 00:00:00+05:30,503.0,507.5,493.15,496.63,76808,3
2015-04-24 00:00:00+05:30,498.75,498.75,483.1,485.95,184276,4
2015-04-27 00:00:00+05:30,486.5,486.5,457.0,470.58,972254,0
2015-04-28 00:00:00+05:30,468.75,478.55,465.5,472.23,602370,1
2015-04-29 00:00:00+05:30,477.35,477.75,464.1,468.7,228906,2
2015-04-30 00:00:00+05:30,471.33,472.5,464.0,465.23,252564,3
2015-05-04 00:00:00+05:30,465.5,467.5,447.0,453.45,408344,0
2015-05-05 00:00:00+05:30,455.0,465.0,450.1,462.33,213262,1
2015-05-06 00:00:00+05:30,464.0,466.33,451.5,455.75,427888,2
2015-05-07 00:00:00+05:30,455.68,455.68,435.0,440.73,122738,3
2015-05-08 00:00:00+05:30,443.5,458.98,443.5,452.9,167506,4
2015-05-11 00:00:00+05:30,456.43,476.38,449.0,472.58,455654,0
2015-05-12 00:00:00+05:30,474.4,476.0,457.13,464.43,183492,1
2015-05-13 00:00:00+05:30,465.0,474.5,455.55,468.33,755920,2
2015-05-14 00:00:00+05:30,473.95,524.5,463.5,508.98,2002800,3
2015-05-15 00:00:00+05:30,509.5,521.7,509.0,516.33,562810,4
2015-05-18 00:00:00+05:30,513.05,530.0,491.65,520.65,297252,0
2015-05-19 00:00:00+05:30,520.0,527.75,513.25,523.45,102530,1
2015-05-20 00:00:00+05:30,528.0,528.0,510.88,515.45,89852,2
2015-05-21 00:00:00+05:30,524.5,524.5,503.0,506.28,193810,3
2015-05-22 00:00:00+05:30,505.0,523.0,504.25,513.2,103586,4
2015-05-25 00:00:00+05:30,515.0,517.48,508.0,512.33,63762,0
2015-05-26 00:00:00+05:30,512.33,523.95,506.0,517.7,75578,1
2015-05-27 00:00:00+05:30,513.08,544.0,512.75,540.58,359172,2
2015-05-28 00:00:00+05:30,542.55,556.53,542.55,551.92,270968,3
2015-05-29 00:00:00+05:30,555.5,573.7,553.0,560.17,279470,4
2015-06-01 00:00:00+05:30,560.8,579.5,557.5,567.25,360828,0
2015-06-02 00:00:00+05:30,564.42,573.35,520.3,531.83,700792,1
2015-06-03 00:00:00+05:30,542.0,557.5,535.1,544.48,562470,2
2015-06-04 00:00:00+05:30,547.5,549.9,535.0,538.35,201086,3
2015-06-05 00:00:00+05:30,542.5,554.88,538.55,552.85,196242,4
2015-06-08 00:00:00+05:30,550.67,558.48,525.55,534.58,215890,0
2015-06-09 00:00:00+05:30,527.6,542.5,527.6,539.33,161154,1
2015-06-10 00:00:00+05:30,540.0,545.92,537.42,542.98,646070,2
2015-06-11 00:00:00+05:30,538.0,554.5,538.0,546.98,243598,3
2015-06-12 00:00:00+05:30,540.0,545.03,529.5,534.4,170530,4
2015-06-15 00:00:00+05:30,539.5,539.5,517.73,520.4,120168,0
2015-06-16 00:00:00+05:30,521.03,523.95,498.0,505.9,441064,1
2015-06-17 00:00:00+05:30,503.03,536.0,503.03,531.42,492798,2
2015-06-18 00:00:00+05:30,534.85,534.85,527.4,529.63,215770,3
2015-06-19 00:00:00+05:30,530.5,534.17,523.0,525.65,102444,4
2015-06-22 00:00:00+05:30,525.65,534.9,525.65,529.48,147766,0
2015-06-23 00:00:00+05:30,537.0,542.5,527.5,535.85,226264,1
2015-06-24 00:00:00+05:30,535.85,554.75,535.85,547.88,578876,2
2015-06-25 00:00:00+05:30,550.0,555.0,540.0,545.38,500086,3
2015-06-26 00:00:00+05:30,545.38,570.45,545.38,567.08,775552,4
2015-06-29 00:00:00+05:30,566.9,569.95,549.5,560.55,380180,0
2015-06-30 00:00:00+05:30,561.0,583.3,561.0,579.88,730402,1
2015-07-01 00:00:00+05:30,583.85,596.25,582.03,592.1,440822,2
2015-07-02 00:00:00+05:30,592.0,617.0,591.88,611.55,683166,3
2015-07-03 00:00:00+05:30,612.5,620.0,597.53,606.0,531278,4
2015-07-06 00:00:00+05:30,607.5,617.0,595.0,610.58,206970,0
2015-07-07 00:00:00+05:30,616.48,630.0,608.0,626.28,651536,1
2015-07-08 00:00:00+05:30,624.5,636.0,617.5,624.83,506266,2
2015-07-09 00:00:00+05:30,624.5,624.5,575.0,586.4,495488,3
2015-07-10 00:00:00+05:30,593.45,595.03,554.2,556.45,700662,4
2015-07-13 00:00:00+05:30,556.5,567.5,556.5,563.4,441958,0
2015-07-14 00:00:00+05:30,567.5,580.0,564.5,575.88,342406,1
2015-07-15 00:00:00+05:30,582.2,592.8,575.5,586.0,256250,2
2015-07-16 00:00:00+05:30,590.0,597.23,583.08,594.73,277776,3
2015-07-17 00:00:00+05:30,595.0,599.85,576.0,580.5,318164,4
2015-07-20 00:00:00+05:30,587.0,591.45,581.0,583.95,117972,0
2015-07-21 00:00:00+05:30,585.0,594.5,575.0,577.45,105138,1
2015-07-22 00:00:00+05:30,572.95,585.0,572.95,579.85,202328,2
2015-07-23 00:00:00+05:30,584.85,594.0,580.08,583.9,290062,3
2015-07-24 00:00:00+05:30,589.85,589.85,575.25,578.65,93096,4
2015-07-27 00:00:00+05:30,578.98,595.9,573.15,587.92,220832,0
2015-07-28 00:00:00+05:30,594.5,617.48,590.0,606.55,512856,1
2015-07-29 00:00:00+05:30,612.0,637.0,610.0,633.35,573716,2
2015-07-30 00:00:00+05:30,637.42,671.0,637.42,660.98,482516,3
2015-07-31 00:00:00+05:30,667.5,668.5,630.0,655.5,274558,4
2015-08-03 00:00:00+05:30,650.0,674.5,646.83,664.7,375918,0
2015-08-04 00:00:00+05:30,670.7,681.0,660.0,665.25,366512,1
2015-08-05 00:00:00+05:30,669.5,682.5,657.5,661.93,846404,2
2015-08-06 00:00:00+05:30,665.0,667.48,651.92,659.3,169050,3
2015-08-07 00:00:00+05:30,667.0,673.68,648.0,656.6,342052,4
2015-08-10 00:00:00+05:30,662.58,662.58,636.0,641.17,370676,0
2015-08-11 00:00:00+05:30,656.5,656.5,627.5,634.25,192486,1
2015-08-12 00:00:00+05:30,634.25,636.3,608.92,619.67,180662,2
2015-08-13 00:00:00+05:30,630.0,641.78,621.1,637.55,150026,3
2015-08-14 00:00:00+05:30,645.0,655.0,638.0,650.48,221716,4
2015-08-17 00:00:00+05:30,650.48,651.67,628.08,642.13,207088,0
2015-08-18 00:00:00+05:30,651.0,659.5,647.5,655.1,193670,1
2015-08-19 00:00:00+05:30,657.5,667.0,650.58,657.2,265940,2
2015-08-20 00:00:00+05:30,659.48,666.0,645.95,659.85,508464,3
2015-08-21 00:00:00+05:30,651.0,669.95,640.17,653.17,1150876,4
2015-08-24 00:00:00+05:30,635.0,644.98,587.5,592.08,399632,0
2015-08-25 00:00:00+05:30,596.08,612.5,574.67,600.05,311260,1
2015-08-26 00:00:00+05:30,606.2,628.48,591.08,618.05,210552,2
2015-08-27 00:00:00+05:30,620.0,639.63,611.08,615.17,237284,3
2015-08-28 00:00:00+05:30,622.85,623.78,585.05,594.4,360292,4
2015-08-31 00:00:00+05:30,594.0,602.67,586.8,596.0,438902,0
2015-09-01 00:00:00+05:30,592.5,599.9,576.75,586.4,530274,1
2015-09-02 00:00:00+05:30,587.5,618.0,582.35,609.42,434240,2
2015-09-03 00:00:00+05:30,622.0,648.0,621.65,626.85,1458492,3
2015-09-04 00:00:00+05:30,626.95,641.95,603.95,623.53,845198,4
2015-09-07 00:00:00+05:30,625.0,637.4,595.73,608.23,198460,0
2015-09-08 00:00:00+05:30,610.0,627.5,608.8,611.58,303050,1
2015-09-09 00:00:00+05:30,624.0,624.35,598.58,606.95,617060,2
2015-09-10 00:00:00+05:30,599.5,613.0,586.5,609.98,414248,3
2015-09-11 00:00:00+05:30,614.78,614.78,601.5,609.5,783738,4
2015-09-14 00:00:00+05:30,615.5,617.0,612.0,614.03,347260,0
2015-09-15 00:00:00+05:30,615.0,618.48,600.5,609.33,226444,1
2015-09-16 00:00:00+05:30,614.1,615.35,575.5,579.1,471696,2
2015-09-18 00:00:00+05:30,588.9,589.4,538.5,547.9,2507120,4
2015-09-21 00:00:00+05:30,543.5,543.5,525.5,535.3,743042,0
2015-09-22 00:00:00+05:30,535.3,549.48,535.0,541.88,494056,1
2015-09-23 00:00:00+05:30,537.0,556.5,520.0,549.9,711612,2
2015-09-24 00:00:00+05:30,545.0,557.5,542.53,547.88,401128,3
2015-09-28 00:00:00+05:30,549.5,564.95,539.0,560.48,779700,0
2015-09-29 00:00:00+05:30,554.23,581.42,550.53,576.03,342000,1
2015-09-30 00:00:00+05:30,579.4,583.55,570.0,576.3,307012,2
2015-10-01 00:00:00+05:30,579.5,592.45,576.0,585.85,245316,3
2015-10-05 00:00:00+05:30,594.0,607.5,588.53,605.48,497874,0
2015-10-06 00:00:00+05:30,609.0,610.0,578.55,583.4,249202,1
2015-10-07 00:00:00+05:30,583.5,592.5,583.5,587.78,117044,2
2015-10-08 00:00:00+05:30,589.13,591.95,577.0,581.88,104712,3
2015-10-09 00:00:00+05:30,584.5,589.0,575.0,579.33,89792,4
2015-10-12 00:00:00+05:30,584.98,584.98,550.7,555.08,399278,0
2015-10-13 00:00:00+05:30,557.48,561.95,544.5,546.95,169122,1
2015-10-14 00:00:00+05:30,546.95,547.78,530.75,534.05,421616,2
2015-10-15 00:00:00+05:30,537.5,546.0,535.67,540.03,169238,3
2015-10-16 00:00:00+05:30,541.4,543.92,530.7,536.8,222600,4
2015-10-19 00:00:00+05:30,537.5,563.53,537.5,560.85,525278,0
2015-10-20 00:00:00+05:30,560.85,577.5,560.5,565.65,341248,1
2015-10-21 00:00:00+05:30,569.0,571.48,560.5,561.78,75554,2
2015-10-23 00:00:00+05:30,565.5,566.9,541.0,545.3,239624,4
2015-10-26 00:00:00+05:30,549.88,557.3,536.67,539.58,194408,0
2015-10-27 00:00:00+05:30,539.5,552.5,535.0,548.45,304500,1
2015-10-28 00:00:00+05:30,552.48,552.48,537.13,540.95,132344,2
2015-10-29 00:00:00+05:30,547.0,547.0,519.0,524.48,332256,3
2015-10-30 00:00:00+05:30,512.5,541.0,487.75,535.8,768184,4
2015-11-02 00:00:00+05:30,535.5,542.88,501.5,511.38,396948,0
2015-11-03 00:00:00+05:30,513.0,521.95,510.53,515.45,396200,1
2015-11-04 00:00:00+05:30,517.5,520.25,514.5,518.3,451522,2
2015-11-05 00:00:00+05:30,518.0,532.25,509.95,519.03,332130,3
2015-11-06 00:00:00+05:30,520.0,529.65,520.0,527.65,309210,4
2015-11-09 00:00:00+05:30,517.5,540.5,501.28,530.08,261676,0
2015-11-10 00:00:00+05:30,527.5,537.05,523.0,526.35,147902,1
2015-11-11 00:00:00+05:30,526.35,535.0,521.0,529.75,19496,2
2015-11-13 00:00:00+05:30,526.5,526.5,501.48,506.1,568936,4
2015-11-16 00:00:00+05:30,506.03,509.45,495.0,496.28,413092,0
2015-11-17 00:00:00+05:30,497.6,504.0,497.53,500.15,231428,1
2015-11-18 00:00:00+05:30,500.0,502.33,490.6,500.25,225798,2
2015-11-19 00:00:00+05:30,501.5,501.98,495.0,497.48,228762,3
2015-11-20 00:00:00+05:30,500.9,510.0,499.0,501.98,653216,4
2015-11-23 00:00:00+05:30,503.0,506.53,489.0,490.88,242568,0
2015-11-24 00:00:00+05:30,493.98,493.98,462.63,464.6,786464,1
2015-11-26 00:00:00+05:30,467.5,476.08,465.0,465.75,384916,3
2015-11-27 00:00:00+05:30,467.5,468.9,450.5,455.9,795754,4
2015-11-30 00:00:00+05:30,459.0,469.4,456.18,464.08,619116,0
2015-12-01 00:00:00+05:30,464.88,474.9,461.6,473.38,1368746,1
2015-12-02 00:00:00+05:30,474.9,484.0,473.5,482.35,607656,2
2015-12-03 00:00:00+05:30,483.9,499.5,480.0,496.85,700566,3
2015-12-04 00:00:00+05:30,495.0,516.0,488.5,504.73,845324,4
2015-12-07 00:00:00+05:30,510.25,518.0,495.0,501.33,689504,0
2015-12-08 00:00:00+05:30,500.5,504.5,492.45,498.45,214772,1
2015-12-09 00:00:00+05:30,498.5,502.38,482.48,491.05,400816,2
2015-12-10 00:00:00+05:30,491.0,498.85,469.03,491.93,698154,3
2015-12-11 00:00:00+05:30,487.5,499.43,486.65,494.05,262696,4
2015-12-14 00:00:00+05:30,495.0,505.0,485.75,501.45,201488,0
2015-12-15 00:00:00+05:30,504.35,510.0,498.0,503.28,162534,1
2015-12-16 00:00:00+05:30,503.55,509.75,495.0,498.98,232730,2
2015-12-17 00:00:00+05:30,503.0,507.38,498.03,500.65,308122,3
2015-12-18 00:00:00+05:30,501.5,513.53,473.98,489.63,459662,4
2015-12-21 00:00:00+05:30,492.5,500.33,488.03,492.33,182464,0
2015-12-22 00:00:00+05:30,492.5,499.75,489.0,491.93,164540,1
2015-12-23 00:00:00+05:30,494.5,498.05,490.75,493.23,367920,2
2015-12-24 00:00:00+05:30,493.0,496.73,487.53,493.43,356530,3
2015-12-28 00:00:00+05:30,494.5,496.0,487.5,489.95,115586,0
2015-12-29 00:00:00+05:30,493.85,495.33,484.55,488.95,145540,1
2015-12-30 00:00:00+05:30,489.0,503.25,488.3,498.75,480266,2
2015-12-31 00:00:00+05:30,503.0,503.0,492.13,499.75,734276,3
2016-01-01 00:00:00+05:30,499.5,499.73,493.15,494.58,62002,4
2016-01-04 00:00:00+05:30,497.5,499.9,493.0,497.7,128736,0
2016-01-05 00:00:00+05:30,492.58,514.0,492.58,499.53,726940,1
2016-01-06 00:00:00+05:30,500.0,504.0,486.03,488.83,144016,2
2016-01-07 00:00:00+05:30,488.5,489.0,475.75,483.83,267922,3
2016-01-08 00:00:00+05:30,489.95,489.95,480.18,486.05,233814,4
2016-01-11 00:00:00+05:30,485.95,487.63,472.0,476.75,645434,0
2016-01-12 00:00:00+05:30,477.0,485.6,477.0,480.03,208706,1
2016-01-13 00:00:00+05:30,481.08,496.1,481.08,494.95,329626,2
2016-01-14 00:00:00+05:30,493.0,508.23,486.48,504.18,461946,3
2016-01-15 00:00:00+05:30,505.0,516.3,492.0,494.58,186888,4
2016-01-18 00:00:00+05:30,485.5,505.5,477.5,500.43,438952,0
2016-01-19 00:00:00+05:30,493.0,507.98,493.0,506.78,194446,1
2016-01-20 00:00:00+05:30,501.5,508.83,493.0,502.78,251012,2
2016-01-21 00:00:00+05:30,503.35,508.4,497.98,502.48,158982,3
2016-01-22 00:00:00+05:30,503.3,512.03,502.5,505.03,434674,4
2016-01-25 00:00:00+05:30,509.25,509.25,492.28,494.93,276024,0
2016-01-27 00:00:00+05:30,497.5,502.5,486.23,496.0,113644,2
2016-01-28 00:00:00+05:30,498.45,509.75,490.65,505.58,355068,3
2016-01-29 00:00:00+05:30,490.58,515.0,490.58,503.83,383470,4
2016-02-01 00:00:00+05:30,509.5,525.0,506.93,516.9,784836,0
2016-02-02 00:00:00+05:30,519.0,529.4,512.55,516.7,552722,1
2016-02-03 00:00:00+05:30,514.95,522.0,507.55,516.18,265502,2
2016-02-04 00:00:00+05:30,517.0,523.0,509.0,518.68,193386,3
2016-02-05 00:00:00+05:30,518.5,519.15,508.13,513.75,163578,4
2016-02-08 00:00:00+05:30,518.0,529.5,513.48,526.4,181580,0
2016-02-09 00:00:00+05:30,523.9,531.5,516.03,530.53,97176,1
2016-02-10 00:00:00+05:30,531.98,540.0,515.05,517.13,221104,2
2016-02-11 00:00:00+05:30,523.78,545.5,502.55,513.65,363732,3
2016-02-12 00:00:00+05:30,510.0,537.5,495.83,529.65,335590,4
2016-02-15 00:00:00+05:30,529.95,529.95,513.55,520.65,107166,0
2016-02-16 00:00:00+05:30,505.13,537.5,502.95,519.78,437428,1
2016-02-17 00:00:00+05:30,519.5,524.0,509.0,518.03,161446,2
2016-02-18 00:00:00+05:30,519.5,523.25,502.55,507.2,216162,3
2016-02-19 00:00:00+05:30,507.0,514.5,491.13,495.58,219724,4
2016-02-22 00:00:00+05:30,495.5,502.5,491.0,494.3,306016,0
2016-02-23 00:00:00+05:30,496.3,497.45,486.25,489.95,279692,1
2016-02-24 00:00:00+05:30,486.0,494.58,485.58,490.38,132720,2
2016-02-25 00:00:00+05:30,494.38,494.38,479.53,481.93,588670,3
2016-02-26 00:00:00+05:30,484.18,487.38,475.0,484.08,109596,4
2016-02-29 00:00:00+05:30,488.0,496.98,477.03,491.95,147532,0
2016-03-01 00:00:00+05:30,492.0,503.0,482.1,499.98,224442,1
2016-03-02 00:00:00+05:30,502.0,506.5,495.5,499.68,550834,2
2016-03-03 00:00:00+05:30,499.53,504.4,495.55,497.6,300280,3
2016-03-04 00:00:00+05:30,497.5,505.0,495.78,501.28,135006,4
2016-03-08 00:00:00+05:30,495.0,499.9,490.75,493.65,53030,1
2016-03-09 00:00:00+05:30,493.5,499.45,485.53,488.93,77218,2
2016-03-10 00:00:00+05:30,488.5,494.5,468.5,470.98,298966,3
2016-03-11 00:00:00+05:30,471.4,479.2,467.73,469.98,255750,4
2016-03-14 00:00:00+05:30,473.0,484.95,472.65,480.6,174044,0
2016-03-15 00:00:00+05:30,485.0,485.0,473.5,475.15,228690,1
2016-03-16 00:00:00+05:30,479.0,481.45,471.28,472.8,235106,2
2016-03-17 00:00:00+05:30,476.0,477.75,468.0,469.1,210564,3
2016-03-18 00:00:00+05:30,469.5,474.1,466.0,469.7,461508,4
2016-03-21 00:00:00+05:30,470.98,478.33,462.5,474.43,227874,0
2016-03-22 00:00:00+05:30,477.5,479.95,468.0,470.0,145226,1
2016-03-23 00:00:00+05:30,473.98,473.98,464.0,465.05,333144,2
2016-03-28 00:00:00+05:30,465.1,470.0,455.0,456.15,254066,0
2016-03-29 00:00:00+05:30,455.5,471.0,450.5,457.7,617494,1
2016-03-30 00:00:00+05:30,458.05,472.5,458.05,468.38,355546,2
2016-03-31 00:00:00+05:30,465.55,475.33,458.5,466.15,510794,3
2016-04-01 00:00:00+05:30,466.5,467.48,457.63,462.45,211094,4
2016-04-04 00:00:00+05:30,465.0,479.0,463.0,478.15,386190,0
2016-04-05 00:00:00+05:30,477.5,482.0,464.2,466.9,335734,1
2016-04-06 00:00:00+05:30,473.0,473.0,463.05,466.73,214784,2
2016-04-07 00:00:00+05:30,466.5,470.45,463.55,464.5,198636,3
2016-04-08 00:00:00+05:30,462.53,479.9,462.53,477.45,372716,4
2016-04-11 00:00:00+05:30,478.0,484.95,478.0,481.53,440000,0
2016-04-12 00:00:00+05:30,482.53,486.53,481.75,485.45,896774,1
2016-04-13 00:00:00+05:30,485.28,492.15,485.28,488.85,1211656,2
2016-04-18 00:00:00+05:30,487.5,492.0,487.5,489.63,785482,0
2016-04-20 00:00:00+05:30,490.05,501.8,487.5,498.2,512830,2
2016-04-21 00:00:00+05:30,501.0,511.0,496.48,506.53,279278,3
2016-04-22 00:00:00+05:30,502.75,523.2,501.5,517.23,284252,4
2016-04-25 00:00:00+05:30,519.5,523.5,504.5,507.7,159192,0
2016-04-26 00:00:00+05:30,510.7,512.0,490.0,496.93,197620,1
2016-04-27 00:00:00+05:30,498.5,508.48,485.5,503.7,109326,2
2016-04-28 00:00:00+05:30,503.7,510.0,496.0,499.35,88652,3
2016-04-29 00:00:00+05:30,503.0,507.08,498.85,503.38,53160,4
2016-05-02 00:00:00+05:30,502.5,502.95,488.5,489.95,158942,0
2016-05-03 00:00:00+05:30,490.0,498.5,485.05,486.13,104108,1
2016-05-04 00:00:00+05:30,489.0,494.95,480.5,482.95,94546,2
2016-05-05 00:00:00+05:30,484.55,495.43,482.5,489.1,191556,3
2016-05-06 00:00:00+05:30,488.03,554.7,483.0,522.53,1856664,4
2016-05-09 00:00:00+05:30,523.25,549.5,518.63,542.7,757914,0
2016-05-10 00:00:00+05:30,543.0,566.85,538.98,556.13,1020696,1
2016-05-11 00:00:00+05:30,552.0,564.75,540.0,556.58,355958,2
2016-05-12 00:00:00+05:30,553.13,560.5,530.55,537.25,652480,3
2016-05-13 00:00:00+05:30,540.5,560.0,537.25,558.1,481578,4
2016-05-16 00:00:00+05:30,560.0,569.2,551.4,559.68,577132,0
2016-05-17 00:00:00+05:30,560.3,565.03,551.55,555.65,366240,1
2016-05-18 00:00:00+05:30,556.28,561.23,545.0,554.5,126428,2
2016-05-19 00:00:00+05:30,557.45,557.5,547.5,552.23,231856,3
2016-05-20 00:00:00+05:30,552.25,552.58,542.5,544.73,86178,4
2016-05-23 00:00:00+05:30,548.9,548.9,531.13,534.23,105854,0
2016-05-24 00:00:00+05:30,532.45,532.45,511.0,516.38,433338,1
2016-05-25 00:00:00+05:30,520.98,523.0,511.5,513.23,510874,2
2016-05-26 00:00:00+05:30,512.5,515.98,506.0,512.55,224788,3
2016-05-27 00:00:00+05:30,512.95,512.95,506.03,507.45,166740,4
2016-05-30 00:00:00+05:30,508.1,516.0,503.75,511.35,199906,0
2016-05-31 00:00:00+05:30,512.5,519.93,508.5,512.0,221572,1
2016-06-01 00:00:00+05:30,517.5,521.4,511.05,516.85,342150,2
2016-06-02 00:00:00+05:30,518.05,520.0,504.38,507.5,337038,3
2016-06-03 00:00:00+05:30,510.0,520.83,507.5,519.45,424958,4
2016-06-06 00:00:00+05:30,519.95,528.5,510.05,512.9,280674,0
2016-06-07 00:00:00+05:30,514.5,521.7,511.65,513.48,307424,1
2016-06-08 00:00:00+05:30,516.48,519.0,512.5,515.35,161444,2
2016-06-09 00:00:00+05:30,517.4,517.4,508.5,509.98,75726,3
2016-06-10 00:00:00+05:30,511.4,514.0,506.3,511.63,600730,4
2016-06-13 00:00:00+05:30,513.25,513.25,503.78,504.63,90480,0
2016-06-14 00:00:00+05:30,507.5,509.5,493.5,495.05,276336,1
2016-06-15 00:00:00+05:30,497.5,499.98,490.0,491.25,181226,2
2016-06-16 00:00:00+05:30,495.5,513.23,485.0,503.28,855458,3
2016-06-17 00:00:00+05:30,505.0,509.5,492.48,505.33,474538,4
2016-06-20 00:00:00+05:30,500.0,525.95,495.75,523.9,343458,0
2016-06-21 00:00:00+05:30,524.0,535.98,520.05,534.68,239354,1
2016-06-22 00:00:00+05:30,532.5,546.5,530.0,543.95,473290,2
2016-06-23 00:00:00+05:30,543.5,547.25,533.4,536.65,137332,3
2016-06-24 00:00:00+05:30,531.0,546.95,507.38,541.4,376380,4
2016-06-27 00:00:00+05:30,541.5,552.0,533.43,549.4,429614,0
2016-06-28 00:00:00+05:30,549.0,552.5,542.5,548.95,133810,1
2016-06-29 00:00:00+05:30,550.0,555.53,538.03,543.63,112590,2
2016-06-30 00:00:00+05:30,548.13,556.13,545.98,550.13,2194614,3
2016-07-01 00:00:00+05:30,554.5,579.25,543.55,574.8,499094,4
2016-07-04 00:00:00+05:30,575.45,579.9,557.55,565.7,199968,0
2016-07-05 00:00:00+05:30,569.3,571.5,561.25,562.83,55508,1
2016-07-07 00:00:00+05:30,562.5,563.0,537.53,547.7,2019964,3
2016-07-08 00:00:00+05:30,551.0,556.75,545.0,547.58,292576,4
2016-07-11 00:00:00+05:30,554.35,557.5,540.93,554.98,289648,0
2016-07-12 00:00:00+05:30,556.5,567.45,555.53,562.35,144256,1
2016-07-13 00:00:00+05:30,560.0,566.98,553.2,557.4,84248,2
2016-07-14 00:00:00+05:30,561.0,567.25,548.98,558.43,99050,3
2016-07-15 00:00:00+05:30,557.3,563.08,546.0,548.88,123760,4
2016-07-18 00:00:00+05:30,548.88,559.0,548.88,555.75,93766,0
2016-07-19 00:00:00+05:30,555.75,557.2,547.5,550.23,1531022,1
2016-07-20 00:00:00+05:30,555.0,559.0,550.5,555.53,157942,2
2016-07-21 00:00:00+05:30,556.95,567.5,556.43,563.38,264504,3
2016-07-22 00:00:00+05:30,561.95,571.75,556.55,565.98,172918,4
2016-07-25 00:00:00+05:30,565.0,566.75,555.0,564.78,201210,0
2016-07-26 00:00:00+05:30,563.45,570.0,559.0,566.18,580468,1
2016-07-27 00:00:00+05:30,568.85,577.48,568.03,572.75,673734,2
2016-07-28 00:00:00+05:30,572.75,575.85,560.5,563.2,358184,3
2016-07-29 00:00:00+05:30,566.0,579.48,559.0,570.15,174924,4
2016-08-01 00:00:00+05:30,575.0,582.73,570.03,574.3,156244,0
2016-08-02 00:00:00+05:30,579.95,579.95,568.5,572.35,154836,1
2016-08-03 00:00:00+05:30,572.0,585.45,540.0,575.83,1054732,2
2016-08-04 00:00:00+05:30,582.5,584.38,570.6,581.0,276032,3
2016-08-05 00:00:00+05:30,581.5,584.0,567.5,573.6,97178,4
2016-08-08 00:00:00+05:30,579.95,581.38,571.8,574.4,76826,0
2016-08-09 00:00:00+05:30,575.05,576.98,560.05,564.35,90648,1
2016-08-10 00:00:00+05:30,564.0,567.5,554.5,561.9,94826,2
2016-08-11 00:00:00+05:30,561.5,564.5,555.0,562.23,204936,3
2016-08-12 00:00:00+05:30,563.05,570.0,557.35,567.33,39198,4
2016-08-16 00:00:00+05:30,570.15,586.95,565.23,583.28,190528,1
2016-08-17 00:00:00+05:30,583.45,598.5,582.08,593.75,290916,2
2016-08-18 00:00:00+05:30,593.5,599.5,585.0,590.4,81188,3
2016-08-19 00:00:00+05:30,590.0,597.4,585.1,590.78,255054,4
2016-08-22 00:00:00+05:30,592.25,598.0,578.0,586.05,217244,0
2016-08-23 00:00:00+05:30,585.43,585.43,569.0,572.05,510368,1
2016-08-24 00:00:00+05:30,572.35,583.5,565.0,568.6,206576,2
2016-08-25 00:00:00+05:30,572.5,576.28,565.0,566.28,63228,3
2016-08-26 00:00:00+05:30,566.0,572.0,560.8,562.58,86972,4
2016-08-29 00:00:00+05:30,562.58,580.0,562.13,567.78,1144140,0
2016-08-30 00:00:00+05:30,568.1,579.0,567.5,574.45,291134,1
2016-08-31 00:00:00+05:30,574.45,578.38,568.65,573.35,85120,2
2016-09-01 00:00:00+05:30,573.35,590.0,570.0,586.23,215504,3
2016-09-02 00:00:00+05:30,591.0,591.03,578.0,580.25,101042,4
2016-09-06 00:00:00+05:30,585.5,613.5,579.93,611.0,530192,1
2016-09-07 00:00:00+05:30,613.65,614.83,593.0,604.93,212432,2
2016-09-08 00:00:00+05:30,605.0,612.5,596.33,600.45,107782,3
2016-09-09 00:00:00+05:30,600.43,607.45,590.0,600.58,474754,4
2016-09-12 00:00:00+05:30,592.5,604.5,588.08,598.8,113548,0
2016-09-14 00:00:00+05:30,597.5,602.43,587.53,589.83,110542,2
2016-09-15 00:00:00+05:30,589.8,597.48,577.0,584.98,290368,3
2016-09-16 00:00:00+05:30,590.4,606.73,590.0,604.8,169132,4
2016-09-19 00:00:00+05:30,606.0,624.0,600.78,613.15,306142,0
2016-09-20 00:00:00+05:30,610.5,612.7,597.93,603.2,119532,1
2016-09-21 00:00:00+05:30,603.0,606.03,587.03,590.48,289602,2
2016-09-22 00:00:00+05:30,599.9,607.53,595.5,600.33,281746,3
2016-09-23 00:00:00+05:30,600.5,605.0,589.0,592.05,436232,4
2016-09-26 00:00:00+05:30,595.0,597.5,583.0,588.43,88308,0
2016-09-27 00:00:00+05:30,589.5,592.35,575.5,578.73,205516,1
2016-09-28 00:00:00+05:30,577.55,588.5,576.03,585.68,592040,2
2016-09-29 00:00:00+05:30,585.7,593.5,576.0,583.65,657328,3
2016-09-30 00:00:00+05:30,583.45,601.5,570.15,584.95,670516,4
2016-10-03 00:00:00+05:30,584.98,597.45,584.15,591.6,120090,0
2016-10-04 00:00:00+05:30,594.0,595.18,581.73,585.2,156638,1
2016-10-05 00:00:00+05:30,591.9,591.9,578.63,581.7,86234,2
2016-10-06 00:00:00+05:30,581.73,584.5,577.53,581.98,59148,3
2016-10-07 00:00:00+05:30,581.93,583.78,573.0,576.18,96616,4
2016-10-10 00:00:00+05:30,576.0,581.43,572.68,574.35,65274,0
2016-10-13 00:00:00+05:30,575.28,575.28,556.0,562.5,473220,3
2016-10-14 00:00:00+05:30,562.5,595.1,553.5,584.65,248894,4
2016-10-17 00:00:00+05:30,583.0,592.5,570.25,583.28,209026,0
2016-10-18 00:00:00+05:30,584.0,590.5,576.75,583.5,105452,1
2016-10-19 00:00:00+05:30,583.53,589.5,565.75,571.85,165814,2
2016-10-20 00:00:00+05:30,573.3,580.0,567.5,575.03,125064,3
2016-10-21 00:00:00+05:30,575.03,580.5,571.75,575.6,209116,4
2016-10-24 00:00:00+05:30,580.5,589.18,574.25,586.55,161278,0
2016-10-25 00:00:00+05:30,586.25,593.98,579.0,589.18,157822,1
2016-10-26 00:00:00+05:30,589.2,589.2,581.53,585.78,143114,2
2016-10-27 00:00:00+05:30,590.0,593.98,574.15,580.7,310336,3
2016-10-28 00:00:00+05:30,590.5,617.0,584.03,606.58,379746,4
2016-10-30 00:00:00+05:30,607.5,610.0,599.0,601.9,12088,6
2016-11-01 00:00:00+05:30,601.9,622.83,601.9,622.08,266448,1
2016-11-02 00:00:00+05:30,617.5,620.0,592.5,614.9,155006,2
2016-11-03 00:00:00+05:30,612.0,629.4,603.5,623.73,567380,3
2016-11-04 00:00:00+05:30,626.33,630.0,595.0,599.75,171690,4
2016-11-07 00:00:00+05:30,607.5,608.0,581.0,587.3,3204694,0
2016-11-08 00:00:00+05:30,587.3,592.78,577.8,585.0,79646,1
2016-11-09 00:00:00+05:30,574.5,598.15,550.0,584.28,268816,2
2016-11-10 00:00:00+05:30,589.98,599.0,584.5,592.83,52062,3
2016-11-11 00:00:00+05:30,586.3,586.3,546.0,550.13,189454,4
2016-11-15 00:00:00+05:30,550.0,550.13,495.0,520.45,626710,1
2016-11-16 00:00:00+05:30,523.0,541.98,523.0,525.45,257774,2
2016-11-17 00:00:00+05:30,527.5,549.95,525.5,543.05,520996,3
2016-11-18 00:00:00+05:30,535.5,545.0,532.75,540.25,127076,4
2016-11-21 00:00:00+05:30,544.0,544.0,520.75,539.8,65454,0
2016-11-22 00:00:00+05:30,536.0,542.28,525.0,530.05,395170,1
2016-11-23 00:00:00+05:30,531.0,548.0,516.28,523.7,315430,2
2016-11-24 00:00:00+05:30,517.5,540.25,517.5,528.85,189558,3
2016-11-25 00:00:00+05:30,528.88,541.73,526.5,537.85,114208,4
2016-11-28 00:00:00+05:30,537.85,555.0,530.0,548.0,98196,0
2016-11-29 00:00:00+05:30,557.0,567.48,544.0,563.98,145558,1
2016-11-30 00:00:00+05:30,563.98,568.98,548.45,554.45,633810,2
2016-12-01 00:00:00+05:30,554.45,555.6,532.5,536.3,226802,3
2016-12-02 00:00:00+05:30,535.0,535.0,512.55,515.13,292160,4
2016-12-05 00:00:00+05:30,519.85,522.55,512.5,515.38,61240,0
2016-12-06 00:00:00+05:30,517.5,520.0,510.0,512.73,64414,1
2016-12-07 00:00:00+05:30,512.63,517.5,503.5,506.05,66956,2
2016-12-08 00:00:00+05:30,510.98,522.68,504.53,517.7,243872,3
2016-12-09 00:00:00+05:30,518.0,523.0,515.03,519.05,111680,4
2016-12-12 00:00:00+05:30,521.0,527.0,515.25,520.08,48722,0
2016-12-13 00:00:00+05:30,520.0,524.0,508.03,512.05,50820,1
2016-12-14 00:00:00+05:30,518.85,518.85,500.75,504.93,99912,2
2016-12-15 00:00:00+05:30,507.35,514.05,505.2,510.2,95700,3
2016-12-16 00:00:00+05:30,506.5,514.0,506.5,510.45,41970,4
2016-12-19 00:00:00+05:30,510.0,512.73,503.03,506.53,79056,0
2016-12-20 00:00:00+05:30,506.45,510.5,501.53,503.2,42052,1
2016-12-21 00:00:00+05:30,504.0,504.83,492.0,493.95,101202,2
2016-12-22 00:00:00+05:30,493.95,494.9,472.75,476.65,178076,3
2016-12-23 00:00:00+05:30,476.65,492.5,467.7,480.58,1089194,4
2016-12-26 00:00:00+05:30,487.5,507.0,476.65,494.73,226326,0
2016-12-27 00:00:00+05:30,497.0,499.95,479.9,489.68,131080,1
2016-12-28 00:00:00+05:30,490.0,497.2,485.0,488.3,109302,2
2016-12-29 00:00:00+05:30,488.0,491.0,477.75,485.18,281598,3
2016-12-30 00:00:00+05:30,490.0,494.0,469.23,475.78,209920,4
2017-01-02 00:00:00+05:30,470.78,489.0,470.78,486.2,101414,0
2017-01-03 00:00:00+05:30,486.25,519.5,486.25,515.3,208896,1
2017-01-04 00:00:00+05:30,517.95,526.8,510.0,518.75,140350,2
2017-01-05 00:00:00+05:30,524.9,529.05,514.1,527.85,226512,3
2017-01-06 00:00:00+05:30,527.5,527.8,513.28,515.63,69176,4
2017-01-09 00:00:00+05:30,517.65,524.0,515.0,519.48,215048,0
2017-01-10 00:00:00+05:30,520.25,522.73,512.28,520.05,215768,1
2017-01-11 00:00:00+05:30,522.5,525.63,518.18,520.25,128476,2
2017-01-12 00:00:00+05:30,515.25,535.0,515.25,531.23,315512,3
2017-01-13 00:00:00+05:30,534.5,540.48,527.0,536.45,91508,4
2017-01-16 00:00:00+05:30,532.58,544.5,531.28,537.98,294646,0
2017-01-17 00:00:00+05:30,531.75,538.33,521.03,523.08,173006,1
2017-01-18 00:00:00+05:30,529.0,529.0,510.55,513.58,242056,2
2017-01-19 00:00:00+05:30,517.1,517.1,499.5,500.25,471740,3
2017-01-20 00:00:00+05:30,507.0,507.0,490.83,498.08,826002,4
2017-01-23 00:00:00+05:30,498.98,503.3,495.63,499.1,116728,0
2017-01-24 00:00:00+05:30,500.5,510.0,495.55,504.45,264110,1
2017-01-25 00:00:00+05:30,507.45,507.45,498.0,499.78,445104,2
2017-01-27 00:00:00+05:30,499.25,506.48,494.5,502.45,858248,4
2017-01-30 00:00:00+05:30,504.5,510.5,503.5,506.65,410982,0
2017-01-31 00:00:00+05:30,514.0,528.5,508.05,515.58,1568398,1
2017-02-01 00:00:00+05:30,516.5,557.1,516.5,552.53,891010,2
2017-02-02 00:00:00+05:30,552.63,582.38,549.05,574.18,437016,3
2017-02-03 00:00:00+05:30,575.0,599.5,572.63,587.28,580564,4
2017-02-06 00:00:00+05:30,587.48,593.0,570.0,574.25,285814,0
2017-02-07 00:00:00+05:30,574.93,578.5,550.05,555.7,178424,1
2017-02-08 00:00:00+05:30,556.9,561.0,550.5,558.98,60904,2
2017-02-09 00:00:00+05:30,562.5,572.5,562.5,569.93,171948,3
2017-02-10 00:00:00+05:30,565.1,576.13,565.0,573.15,78120,4
2017-02-13 00:00:00+05:30,573.15,588.98,567.6,580.9,145352,0
2017-02-14 00:00:00+05:30,575.05,577.15,560.53,565.08,251962,1
2017-02-15 00:00:00+05:30,565.0,565.0,545.25,547.68,138778,2
2017-02-16 00:00:00+05:30,549.58,554.25,537.3,540.63,93554,3
2017-02-17 00:00:00+05:30,545.0,553.03,531.5,534.45,204140,4
2017-02-20 00:00:00+05:30,534.5,561.48,531.03,558.33,272510,0
2017-02-21 00:00:00+05:30,558.33,580.0,545.0,553.13,259216,1
2017-02-22 00:00:00+05:30,557.43,557.43,536.08,537.93,404702,2
2017-02-23 00:00:00+05:30,542.5,544.95,535.63,538.13,184546,3
2017-02-27 00:00:00+05:30,539.9,544.5,520.0,523.45,384364,0
2017-02-28 00:00:00+05:30,524.9,525.03,506.98,520.2,835792,1
2017-03-01 00:00:00+05:30,522.75,530.2,514.5,518.1,1397866,2
2017-03-02 00:00:00+05:30,522.5,535.5,512.73,516.33,317416,3
2017-03-03 00:00:00+05:30,514.0,522.5,514.0,518.48,391712,4
2017-03-06 00:00:00+05:30,521.13,531.23,518.5,526.85,129968,0
2017-03-07 00:00:00+05:30,526.85,526.85,518.85,521.4,756912,1
2017-03-08 00:00:00+05:30,521.5,523.95,511.5,512.93,83798,2
2017-03-09 00:00:00+05:30,513.5,520.0,504.5,505.73,179882,3
2017-03-10 00:00:00+05:30,509.9,510.45,495.0,498.45,325372,4
2017-03-14 00:00:00+05:30,509.33,515.0,503.05,507.55,334602,1
2017-03-15 00:00:00+05:30,510.0,526.45,510.0,523.13,246770,2
2017-03-16 00:00:00+05:30,528.5,537.0,523.0,524.18,277456,3
2017-03-17 00:00:00+05:30,527.35,531.48,524.7,527.43,345402,4
2017-03-20 00:00:00+05:30,528.03,539.5,522.03,528.35,168960,0
2017-03-21 00:00:00+05:30,528.95,531.0,517.53,520.13,155900,1
2017-03-22 00:00:00+05:30,521.5,527.35,508.5,516.98,634052,2
2017-03-23 00:00:00+05:30,517.55,522.1,515.08,517.6,172792,3
2017-03-24 00:00:00+05:30,520.0,524.35,509.1,511.6,188024,4
2017-03-27 00:00:00+05:30,514.98,515.13,506.0,507.18,396998,0
2017-03-28 00:00:00+05:30,509.78,512.35,505.65,507.88,184476,1
2017-03-29 00:00:00+05:30,509.43,511.88,506.0,509.03,412070,2
2017-03-30 00:00:00+05:30,509.95,512.5,506.5,510.03,304356,3
2017-03-31 00:00:00+05:30,511.95,543.03,504.03,532.18,2092470,4
2017-04-03 00:00:00+05:30,534.0,542.5,521.8,524.63,267214,0
2017-04-05 00:00:00+05:30,526.78,526.78,517.5,518.48,709386,2
2017-04-06 00:00:00+05:30,519.0,525.03,515.4,518.98,415338,3
2017-04-07 00:00:00+05:30,520.0,522.13,515.5,517.05,245022,4
2017-04-10 00:00:00+05:30,519.93,521.0,513.63,518.6,362406,0
2017-04-11 00:00:00+05:30,522.5,522.5,514.9,515.88,123344,1
2017-04-12 00:00:00+05:30,518.9,518.9,510.55,514.83,150952,2
2017-04-13 00:00:00+05:30,517.3,517.5,512.5,513.68,132428,3
2017-04-17 00:00:00+05:30,515.7,515.73,507.5,511.63,201680,0
2017-04-18 00:00:00+05:30,514.5,515.2,505.58,506.98,190648,1
2017-04-19 00:00:00+05:30,507.5,512.5,505.7,509.73,294792,2
2017-04-20 00:00:00+05:30,507.85,510.2,506.5,507.5,176204,3
2017-04-21 00:00:00+05:30,509.9,510.1,502.5,505.4,730060,4
2017-04-24 00:00:00+05:30,507.35,507.35,499.15,502.73,224990,0
2017-04-25 00:00:00+05:30,504.5,513.5,502.5,510.38,396072,1
2017-04-26 00:00:00+05:30,518.5,518.5,507.15,513.93,310442,2
2017-04-27 00:00:00+05:30,514.5,528.2,512.7,525.33,627448,3
2017-04-28 00:00:00+05:30,520.73,534.9,520.73,529.13,413954,4
2017-05-02 00:00:00+05:30,530.78,539.0,517.5,521.7,533906,1
2017-05-03 00:00:00+05:30,529.83,536.98,522.33,534.73,372512,2
2017-05-04 00:00:00+05:30,539.0,562.45,536.95,557.78,1025516,3
2017-05-05 00:00:00+05:30,538.93,549.5,535.5,542.63,584510,4
2017-05-08 00:00:00+05:30,549.0,549.0,539.8,542.33,122918,0
2017-05-09 00:00:00+05:30,544.98,550.0,536.5,538.98,114350,1
2017-05-10 00:00:00+05:30,542.2,577.2,540.0,554.78,942734,2
2017-05-11 00:00:00+05:30,554.9,575.0,554.9,564.35,528364,3
2017-05-12 00:00:00+05:30,564.98,569.48,547.5,548.8,118204,4
2017-05-15 00:00:00+05:30,552.5,555.78,540.65,548.08,72474,0
2017-05-16 00:00:00+05:30,542.5,551.0,535.0,542.55,286798,1
2017-05-17 00:00:00+05:30,543.0,546.25,537.0,542.38,145844,2
2017-05-18 00:00:00+05:30,541.0,550.0,537.53,541.48,139722,3
2017-05-19 00:00:00+05:30,544.5,561.0,544.5,555.93,402016,4
2017-05-22 00:00:00+05:30,558.25,558.25,540.43,551.35,192944,0
2017-05-23 00:00:00+05:30,551.45,551.45,534.5,542.58,646796,1
2017-05-24 00:00:00+05:30,542.6,555.98,542.5,543.25,157596,2
2017-05-25 00:00:00+05:30,545.0,552.0,541.1,544.8,43066,3
2017-05-26 00:00:00+05:30,547.48,548.98,544.0,545.58,83798,4
2017-05-29 00:00:00+05:30,544.88,548.25,538.15,541.68,89296,0
2017-05-30 00:00:00+05:30,542.0,543.98,539.05,540.78,129760,1
2017-05-31 00:00:00+05:30,541.58,547.0,538.5,544.48,488642,2
2017-06-01 00:00:00+05:30,544.48,560.55,543.13,557.33,378136,3
2017-06-02 00:00:00+05:30,562.5,573.98,558.5,569.55,947166,4
2017-06-05 00:00:00+05:30,569.25,577.7,569.0,569.95,489800,0
2017-06-06 00:00:00+05:30,574.4,575.0,556.38,560.13,194798,1
2017-06-07 00:00:00+05:30,566.0,566.15,560.05,564.58,268652,2
2017-06-08 00:00:00+05:30,564.58,572.5,560.03,561.68,87948,3
2017-06-09 00:00:00+05:30,562.5,566.9,560.53,564.98,76828,4
2017-06-12 00:00:00+05:30,565.0,566.5,551.03,555.9,168818,0
2017-06-13 00:00:00+05:30,562.03,577.5,562.03,566.13,477648,1
2017-06-14 00:00:00+05:30,562.05,571.7,560.0,561.48,70250,2
2017-06-15 00:00:00+05:30,561.48,571.5,561.48,567.75,188194,3
2017-06-16 00:00:00+05:30,570.85,570.85,552.55,556.63,82066,4
2017-06-19 00:00:00+05:30,559.95,562.0,556.63,560.05,93994,0
2017-06-20 00:00:00+05:30,560.0,561.5,557.5,559.5,31254,1
2017-06-21 00:00:00+05:30,559.95,572.5,500.5,567.28,2022480,2
2017-06-22 00:00:00+05:30,570.0,572.5,551.0,553.65,222850,3
2017-06-23 00:00:00+05:30,555.08,562.0,541.0,545.1,298578,4
2017-06-27 00:00:00+05:30,545.55,549.5,528.95,536.93,339076,1
2017-06-28 00:00:00+05:30,535.0,537.7,527.5,530.15,182860,2
2017-06-29 00:00:00+05:30,530.15,542.0,530.15,537.83,206486,3
2017-06-30 00:00:00+05:30,540.0,541.0,531.98,537.78,281996,4
2017-07-03 00:00:00+05:30,539.95,539.95,527.55,536.08,255114,0
2017-07-04 00:00:00+05:30,539.9,542.5,531.18,532.88,89434,1
2017-07-05 00:00:00+05:30,535.98,542.5,527.8,534.1,246844,2
2017-07-06 00:00:00+05:30,533.05,537.4,530.0,532.4,298862,3
2017-07-07 00:00:00+05:30,532.5,537.0,523.35,525.5,305780,4
2017-07-10 00:00:00+05:30,599.0,599.0,524.0,525.68,51062,0
2017-07-11 00:00:00+05:30,530.0,532.5,526.13,526.85,201480,1
2017-07-12 00:00:00+05:30,529.45,533.0,525.5,532.03,254812,2
2017-07-13 00:00:00+05:30,533.0,540.85,530.18,537.5,171682,3
2017-07-14 00:00:00+05:30,540.75,542.5,531.25,538.68,175672,4
2017-07-17 00:00:00+05:30,540.0,540.0,533.0,534.4,64868,0
2017-07-18 00:00:00+05:30,531.0,535.48,528.55,531.6,113152,1
2017-07-19 00:00:00+05:30,536.0,539.0,531.7,535.05,499558,2
2017-07-20 00:00:00+05:30,535.05,545.95,535.05,542.58,100834,3
2017-07-21 00:00:00+05:30,542.58,556.58,542.45,552.6,184474,4
2017-07-24 00:00:00+05:30,552.25,554.2,547.5,552.68,77550,0
2017-07-25 00:00:00+05:30,552.5,556.6,548.33,552.4,87428,1
2017-07-26 00:00:00+05:30,550.0,567.5,550.0,555.65,733830,2
2017-07-27 00:00:00+05:30,557.5,562.35,552.0,557.25,87438,3
2017-07-28 00:00:00+05:30,555.5,558.5,548.63,552.28,226642,4
2017-07-31 00:00:00+05:30,562.0,562.0,549.5,554.05,283260,0
2017-08-01 00:00:00+05:30,556.7,556.7,533.55,536.0,372842,1
2017-08-02 00:00:00+05:30,540.0,559.4,509.88,552.53,3024450,2
2017-08-03 00:00:00+05:30,547.5,574.0,541.43,570.45,1767200,3
2017-08-04 00:00:00+05:30,569.0,583.48,562.5,575.63,452956,4
2017-08-07 00:00:00+05:30,569.0,578.98,559.0,575.13,282960,0
2017-08-08 00:00:00+05:30,575.0,584.13,568.13,575.13,330536,1
2017-08-09 00:00:00+05:30,573.0,575.0,557.53,564.33,404952,2
2017-08-10 00:00:00+05:30,560.0,561.98,545.0,545.93,114630,3
2017-08-11 00:00:00+05:30,537.5,544.93,530.25,537.9,151602,4
2017-08-14 00:00:00+05:30,538.0,562.25,538.0,556.63,312070,0
2017-08-16 00:00:00+05:30,558.3,572.15,547.93,562.28,186208,2
2017-08-17 00:00:00+05:30,562.0,564.95,542.0,545.35,136840,3
2017-08-18 00:00:00+05:30,546.43,556.5,539.05,550.83,74530,4
2017-08-21 00:00:00+05:30,550.83,559.48,545.33,555.03,95338,0
2017-08-22 00:00:00+05:30,548.05,558.5,547.0,551.53,77716,1
2017-08-23 00:00:00+05:30,552.9,555.0,539.75,543.8,239528,2
2017-08-24 00:00:00+05:30,551.0,551.0,535.08,537.53,278436,3
2017-08-28 00:00:00+05:30,546.5,546.5,533.5,538.4,188496,0
2017-08-29 00:00:00+05:30,538.4,541.03,528.68,537.83,891532,1
2017-08-30 00:00:00+05:30,541.35,543.98,535.53,540.25,80456,2
2017-08-31 00:00:00+05:30,540.28,545.73,536.0,543.4,46216,3
2017-09-01 00:00:00+05:30,545.0,551.95,540.0,549.03,113474,4
2017-09-04 00:00:00+05:30,549.03,551.6,543.58,548.1,71124,0
2017-09-05 00:00:00+05:30,544.05,558.98,544.05,554.53,156662,1
2017-09-06 00:00:00+05:30,554.53,561.2,552.5,554.93,106006,2
2017-09-07 00:00:00+05:30,553.5,567.45,553.45,562.85,256820,3
2017-09-08 00:00:00+05:30,562.85,572.25,550.85,564.43,147378,4
2017-09-11 00:00:00+05:30,565.5,573.5,565.5,569.4,59894,0
2017-09-12 00:00:00+05:30,569.98,597.4,563.03,593.38,389690,1
2017-09-13 00:00:00+05:30,589.5,592.25,570.75,574.73,187966,2
2017-09-14 00:00:00+05:30,575.0,584.98,565.55,570.73,71364,3
2017-09-15 00:00:00+05:30,567.0,575.0,557.73,572.7,95100,4
2017-09-18 00:00:00+05:30,575.5,582.0,568.0,570.88,56448,0
2017-09-19 00:00:00+05:30,570.5,578.5,561.33,572.65,374868,1
2017-09-20 00:00:00+05:30,572.5,578.4,567.53,569.78,223718,2
2017-09-21 00:00:00+05:30,570.0,574.5,562.5,563.9,177206,3
2017-09-22 00:00:00+05:30,565.5,567.9,555.0,557.53,96462,4
2017-09-25 00:00:00+05:30,554.78,560.5,540.0,546.43,248442,0
2017-09-26 00:00:00+05:30,547.5,554.5,541.0,547.53,351132,1
2017-09-27 00:00:00+05:30,552.5,558.5,543.05,546.23,494958,2
2017-09-28 00:00:00+05:30,545.5,552.53,540.5,547.53,174148,3
2017-09-29 00:00:00+05:30,547.78,551.23,542.5,547.08,319430,4
2017-10-03 00:00:00+05:30,547.08,556.0,532.7,542.73,362310,1
2017-10-04 00:00:00+05:30,544.0,550.0,540.13,544.55,230914,2
2017-10-05 00:00:00+05:30,547.38,553.95,540.55,548.33,122230,3
2017-10-06 00:00:00+05:30,545.33,556.0,545.0,553.6,118652,4
2017-10-09 00:00:00+05:30,553.75,563.4,550.0,557.85,58100,0
2017-10-10 00:00:00+05:30,560.0,569.5,553.63,556.83,99196,1
2017-10-11 00:00:00+05:30,568.75,568.75,555.0,561.63,107938,2
2017-10-12 00:00:00+05:30,562.5,568.0,559.98,562.73,122380,3
2017-10-13 00:00:00+05:30,554.38,573.48,554.03,564.7,162594,4
2017-10-16 00:00:00+05:30,560.0,575.5,557.53,572.63,598080,0
2017-10-17 00:00:00+05:30,572.73,580.4,567.53,572.18,157920,1
2017-10-18 00:00:00+05:30,566.05,578.5,558.58,577.2,329794,2
2017-10-19 00:00:00+05:30,574.0,582.4,572.75,576.43,26348,3
2017-10-23 00:00:00+05:30,573.5,577.45,566.38,573.15,216910,0
2017-10-24 00:00:00+05:30,573.5,573.5,563.53,567.55,477142,1
2017-10-25 00:00:00+05:30,569.95,594.95,563.65,585.63,657268,2
2017-10-26 00:00:00+05:30,589.98,610.0,580.9,605.45,594610,3
2017-10-27 00:00:00+05:30,609.45,633.75,609.45,621.93,739624,4
2017-10-30 00:00:00+05:30,626.75,641.5,624.0,630.4,381704,0
2017-10-31 00:00:00+05:30,635.5,642.63,621.5,629.13,284470,1
2017-11-01 00:00:00+05:30,634.5,649.5,628.5,630.13,279474,2
2017-11-02 00:00:00+05:30,634.0,641.0,623.28,627.98,270316,3
2017-11-03 00:00:00+05:30,627.5,634.0,613.0,617.9,328170,4
2017-11-06 00:00:00+05:30,622.3,627.5,619.03,624.98,685316,0
2017-11-07 00:00:00+05:30,626.5,629.98,610.58,626.25,224194,1
2017-11-08 00:00:00+05:30,622.0,627.5,610.6,620.83,108410,2
2017-11-09 00:00:00+05:30,625.0,635.0,621.0,623.43,138186,3
2017-11-10 00:00:00+05:30,627.0,638.73,623.0,626.75,299836,4
2017-11-13 00:00:00+05:30,637.0,638.48,627.65,632.03,176834,0
2017-11-14 00:00:00+05:30,630.0,630.48,621.2,626.03,193600,1
2017-11-15 00:00:00+05:30,621.5,632.0,618.75,627.78,131622,2
2017-11-16 00:00:00+05:30,627.5,659.95,627.5,643.95,671714,3
2017-11-17 00:00:00+05:30,644.98,657.0,640.03,643.6,147658,4
2017-11-20 00:00:00+05:30,646.65,649.5,636.5,647.88,74310,0
2017-11-21 00:00:00+05:30,649.5,649.5,631.03,636.65,167878,1
2017-11-22 00:00:00+05:30,639.9,643.23,622.78,626.55,85518,2
2017-11-23 00:00:00+05:30,624.0,627.5,617.5,623.35,722810,3
2017-11-24 00:00:00+05:30,623.0,636.5,623.0,633.08,85842,4
2017-11-27 00:00:00+05:30,629.0,666.5,628.08,661.88,947384,0
2017-11-28 00:00:00+05:30,651.0,669.5,651.0,659.98,719826,1
2017-11-29 00:00:00+05:30,662.5,664.0,651.0,656.45,36164,2
2017-11-30 00:00:00+05:30,652.5,657.55,646.05,655.63,115544,3
2017-12-01 00:00:00+05:30,655.63,661.0,638.05,652.08,367086,4
2017-12-04 00:00:00+05:30,652.05,661.98,640.65,647.28,182012,0
2017-12-05 00:00:00+05:30,644.1,647.63,635.15,641.58,82848,1
2017-12-06 00:00:00+05:30,635.25,646.38,633.55,635.85,47584,2
2017-12-07 00:00:00+05:30,635.05,643.5,630.15,631.9,173082,3
2017-12-08 00:00:00+05:30,637.75,646.0,619.5,627.88,850354,4
2017-12-11 00:00:00+05:30,638.5,639.7,629.0,631.85,83042,0
2017-12-12 00:00:00+05:30,632.5,636.85,622.93,633.85,50910,1
2017-12-13 00:00:00+05:30,634.05,642.5,628.63,635.0,79114,2
2017-12-14 00:00:00+05:30,637.5,639.5,619.93,628.65,168808,3
2017-12-15 00:00:00+05:30,630.43,643.1,626.58,640.9,175114,4
2017-12-18 00:00:00+05:30,640.75,645.0,627.68,640.08,164618,0
2017-12-19 00:00:00+05:30,640.08,655.0,635.9,652.68,407664,1
2017-12-20 00:00:00+05:30,658.0,675.78,658.0,665.3,1079292,2
2017-12-21 00:00:00+05:30,669.0,673.0,656.0,663.48,253160,3
2017-12-22 00:00:00+05:30,662.5,663.0,651.0,655.23,94648,4
2017-12-26 00:00:00+05:30,657.5,657.5,647.03,649.63,149636,1
2017-12-27 00:00:00+05:30,653.5,653.5,643.73,649.18,108650,2
2017-12-28 00:00:00+05:30,665.0,665.0,647.0,656.13,285978,3
2017-12-29 00:00:00+05:30,653.0,674.98,647.5,665.1,223916,4
2018-01-01 00:00:00+05:30,668.0,672.75,653.13,667.9,108444,0
2018-01-02 00:00:00+05:30,672.0,672.0,648.18,655.13,209706,1
2018-01-03 00:00:00+05:30,657.5,662.95,657.5,660.98,258688,2
2018-01-04 00:00:00+05:30,660.95,668.5,642.5,664.33,301288,3
2018-01-05 00:00:00+05:30,664.5,672.0,660.0,663.98,102240,4
2018-01-08 00:00:00+05:30,663.98,671.78,660.0,668.13,260990,0
2018-01-09 00:00:00+05:30,660.85,669.48,655.0,660.78,242960,1
2018-01-10 00:00:00+05:30,664.98,682.5,662.0,668.2,283174,2
2018-01-11 00:00:00+05:30,671.5,671.5,650.0,651.88,401874,3
2018-01-12 00:00:00+05:30,656.0,656.0,641.6,643.88,2013748,4
2018-01-15 00:00:00+05:30,646.53,654.4,640.0,646.28,199980,0
2018-01-16 00:00:00+05:30,647.0,651.48,635.0,637.05,202084,1
2018-01-17 00:00:00+05:30,637.5,647.0,611.7,618.33,566350,2
2018-01-18 00:00:00+05:30,622.0,634.35,618.5,630.58,335994,3
2018-01-19 00:00:00+05:30,634.0,634.95,623.55,631.13,63258,4
2018-01-22 00:00:00+05:30,635.48,635.48,617.5,622.93,325816,0
2018-01-23 00:00:00+05:30,620.5,629.48,617.5,621.85,250748,1
2018-01-24 00:00:00+05:30,626.0,626.0,611.0,612.8,310020,2
2018-01-25 00:00:00+05:30,612.5,619.0,586.9,601.23,170540,3
2018-01-29 00:00:00+05:30,612.5,625.98,606.33,615.23,647410,0
2018-01-30 00:00:00+05:30,604.5,604.5,565.25,571.3,1167108,1
2018-01-31 00:00:00+05:30,567.6,572.45,553.15,562.38,1115320,2
2018-02-01 00:00:00+05:30,563.5,574.95,555.03,571.05,263728,3
2018-02-02 00:00:00+05:30,567.5,574.25,532.55,552.43,800698,4
2018-02-05 00:00:00+05:30,527.5,556.58,518.55,546.2,582724,0
2018-02-06 00:00:00+05:30,520.25,559.45,520.25,555.43,997664,1
2018-02-07 00:00:00+05:30,565.0,568.25,557.08,562.78,175216,2
2018-02-08 00:00:00+05:30,563.0,567.0,555.4,557.85,127028,3
2018-02-09 00:00:00+05:30,553.25,553.25,538.0,544.03,281536,4
2018-02-12 00:00:00+05:30,545.0,551.7,535.7,540.43,233858,0
2018-02-14 00:00:00+05:30,547.5,548.98,534.5,539.93,233434,2
2018-02-15 00:00:00+05:30,540.5,552.8,535.05,545.15,734368,3
2018-02-16 00:00:00+05:30,550.0,552.5,538.15,541.7,179934,4
2018-02-19 00:00:00+05:30,547.5,547.5,528.15,532.53,145548,0
2018-02-20 00:00:00+05:30,533.88,534.75,520.0,522.48,591310,1
2018-02-21 00:00:00+05:30,529.05,530.05,521.05,526.75,263820,2
2018-02-22 00:00:00+05:30,527.45,531.98,512.63,529.88,306914,3
2018-02-23 00:00:00+05:30,531.93,540.0,530.5,536.1,69824,4
2018-02-26 00:00:00+05:30,542.95,556.0,534.0,552.3,235100,0
2018-02-27 00:00:00+05:30,552.3,554.95,545.0,547.08,69720,1
2018-02-28 00:00:00+05:30,543.5,545.88,536.3,540.0,117338,2
2018-03-01 00:00:00+05:30,540.0,543.5,536.88,540.6,131392,3
2018-03-05 00:00:00+05:30,543.95,555.25,537.03,548.78,89790,0
2018-03-06 00:00:00+05:30,553.75,557.93,544.5,551.5,127946,1
2018-03-07 00:00:00+05:30,554.6,560.25,540.0,551.9,99892,2
2018-03-08 00:00:00+05:30,559.0,559.0,545.0,545.25,84014,3
2018-03-09 00:00:00+05:30,546.98,546.98,541.28,542.25,66544,4
2018-03-12 00:00:00+05:30,543.5,552.53,527.68,530.78,210204,0
2018-03-13 00:00:00+05:30,538.5,538.5,530.0,531.58,186312,1
2018-03-14 00:00:00+05:30,537.25,537.25,525.28,529.1,276326,2
2018-03-15 00:00:00+05:30,531.0,531.0,523.43,525.03,114928,3
2018-03-16 00:00:00+05:30,525.5,527.43,505.85,511.0,391540,4
2018-03-19 00:00:00+05:30,513.0,519.0,500.5,512.83,478854,0
2018-03-20 00:00:00+05:30,514.5,517.53,505.63,515.83,110564,1
2018-03-21 00:00:00+05:30,519.0,533.88,519.0,528.05,424966,2
2018-03-22 00:00:00+05:30,528.0,536.95,525.0,528.43,84620,3
2018-03-23 00:00:00+05:30,527.75,532.4,516.2,530.08,273994,4
2018-03-26 00:00:00+05:30,525.0,553.25,515.03,536.68,187980,0
2018-03-27 00:00:00+05:30,537.5,541.43,527.5,530.6,243676,1
2018-03-28 00:00:00+05:30,530.6,537.88,525.03,534.43,417676,2
2018-04-02 00:00:00+05:30,528.55,547.5,527.5,545.98,283078,0
2018-04-03 00:00:00+05:30,542.5,554.0,542.5,550.0,1314956,1
2018-04-04 00:00:00+05:30,550.4,553.95,540.0,546.88,274430,2
2018-04-05 00:00:00+05:30,546.88,557.38,546.55,555.15,405894,3
2018-04-06 00:00:00+05:30,557.0,577.75,550.75,571.0,268200,4
2018-04-09 00:00:00+05:30,573.5,573.5,555.5,560.55,144100,0
2018-04-10 00:00:00+05:30,562.5,568.75,558.05,564.0,113930,1
2018-04-11 00:00:00+05:30,566.85,570.0,551.33,563.68,146542,2
2018-04-12 00:00:00+05:30,564.0,564.0,550.5,553.3,190882,3
2018-04-13 00:00:00+05:30,559.5,564.0,552.23,560.13,52874,4
2018-04-16 00:00:00+05:30,559.85,565.5,556.0,561.33,320782,0
2018-04-17 00:00:00+05:30,560.5,574.0,544.98,569.28,313192,1
2018-04-18 00:00:00+05:30,574.25,574.25,565.05,567.93,119990,2
2018-04-19 00:00:00+05:30,568.0,587.0,567.5,584.05,586214,3
2018-04-20 00:00:00+05:30,585.0,585.5,565.0,572.78,307050,4
2018-04-23 00:00:00+05:30,572.95,575.5,555.75,570.78,245580,0
2018-04-24 00:00:00+05:30,574.0,575.5,564.0,566.5,569552,1
2018-04-25 00:00:00+05:30,567.5,568.73,559.0,561.08,126842,2
2018-04-26 00:00:00+05:30,587.55,600.0,554.5,559.3,1015558,3
2018-04-27 00:00:00+05:30,563.5,569.25,556.53,557.88,297642,4
2018-04-30 00:00:00+05:30,562.0,565.93,556.1,557.6,359030,0
2018-05-02 00:00:00+05:30,562.0,564.5,550.1,553.45,257108,2
2018-05-03 00:00:00+05:30,554.75,554.75,533.4,540.83,572374,3
2018-05-04 00:00:00+05:30,547.5,555.0,521.48,524.05,818264,4
2018-05-07 00:00:00+05:30,529.0,529.0,506.0,508.53,291372,0
2018-05-08 00:00:00+05:30,510.0,515.0,505.0,506.38,209752,1
2018-05-09 00:00:00+05:30,509.4,514.55,506.5,507.75,211836,2
2018-05-10 00:00:00+05:30,511.75,524.5,509.25,519.25,1148366,3
2018-05-11 00:00:00+05:30,518.25,534.0,518.25,525.85,1605374,4
2018-05-14 00:00:00+05:30,531.0,536.95,524.48,527.3,251508,0
2018-05-15 00:00:00+05:30,529.8,529.8,524.5,525.5,96324,1
2018-05-16 00:00:00+05:30,524.5,525.48,515.5,521.3,129424,2
2018-05-17 00:00:00+05:30,522.0,523.68,514.7,517.93,115840,3
2018-05-18 00:00:00+05:30,518.0,522.6,511.6,515.48,83052,4
2018-05-21 00:00:00+05:30,520.0,522.48,505.55,507.3,227176,0
2018-05-22 00:00:00+05:30,509.5,519.0,503.5,512.2,379724,1
2018-05-23 00:00:00+05:30,512.2,529.45,512.2,522.13,174782,2
2018-05-24 00:00:00+05:30,527.0,543.5,515.78,524.65,238166,3
2018-05-25 00:00:00+05:30,523.0,528.58,520.05,522.78,77756,4
2018-05-28 00:00:00+05:30,525.0,526.7,517.58,521.1,236440,0
2018-05-29 00:00:00+05:30,520.0,526.0,518.0,520.23,164262,1
2018-05-30 00:00:00+05:30,515.0,529.9,515.0,524.9,183282,2
2018-05-31 00:00:00+05:30,530.9,530.9,520.5,523.0,68432,3
2018-06-01 00:00:00+05:30,524.5,528.83,516.4,518.83,143262,4
2018-06-04 00:00:00+05:30,522.45,523.45,512.53,515.93,73552,0
2018-06-05 00:00:00+05:30,518.9,519.4,511.0,512.4,458210,1
2018-06-06 00:00:00+05:30,511.0,518.48,504.0,513.63,785966,2
2018-06-07 00:00:00+05:30,518.0,518.0,510.08,516.05,93498,3
2018-06-08 00:00:00+05:30,517.5,541.95,512.53,533.1,1079228,4
2018-06-11 00:00:00+05:30,537.2,540.05,531.15,535.08,194526,0
2018-06-12 00:00:00+05:30,540.4,546.48,536.28,543.58,237450,1
2018-06-13 00:00:00+05:30,542.6,565.0,542.0,552.08,553796,2
2018-06-14 00:00:00+05:30,552.48,562.5,545.5,547.7,480686,3
2018-06-15 00:00:00+05:30,550.0,561.85,545.5,548.93,455250,4
2018-06-18 00:00:00+05:30,550.0,557.5,541.0,543.5,353398,0
2018-06-19 00:00:00+05:30,543.75,546.0,530.53,532.83,164132,1
2018-06-20 00:00:00+05:30,530.58,540.03,530.58,536.53,535726,2
2018-06-21 00:00:00+05:30,536.0,546.95,518.1,530.0,238293,3
2018-06-22 00:00:00+05:30,531.05,534.4,523.0,524.8,87174,4
2018-06-25 00:00:00+05:30,522.0,524.0,502.0,504.2,212283,0
2018-06-26 00:00:00+05:30,505.0,513.9,503.05,506.7,104410,1
2018-06-27 00:00:00+05:30,508.9,509.2,502.6,505.7,61879,2
2018-06-28 00:00:00+05:30,508.0,512.0,498.0,501.55,78350,3
2018-06-29 00:00:00+05:30,504.0,535.0,504.0,529.15,454663,4
2018-07-02 00:00:00+05:30,532.0,536.0,501.4,525.65,206631,0
2018-07-03 00:00:00+05:30,524.0,529.9,515.15,522.55,54298,1
2018-07-04 00:00:00+05:30,528.0,530.0,515.0,517.6,218892,2
2018-07-05 00:00:00+05:30,518.0,530.0,516.3,521.0,166622,3
2018-07-06 00:00:00+05:30,521.0,535.0,520.5,532.7,211007,4
2018-07-09 00:00:00+05:30,536.0,551.0,535.9,544.95,409887,0
2018-07-10 00:00:00+05:30,547.95,547.95,535.0,539.9,183460,1
2018-07-11 00:00:00+05:30,539.9,542.95,532.55,535.15,170834,2
2018-07-12 00:00:00+05:30,535.15,547.8,527.85,530.0,319475,3
2018-07-13 00:00:00+05:30,532.0,535.0,526.55,530.65,122085,4
2018-07-16 00:00:00+05:30,533.0,533.0,523.0,526.65,172393,0
2018-07-17 00:00:00+05:30,529.8,532.0,523.55,529.35,142674,1
2018-07-18 00:00:00+05:30,531.0,555.0,531.0,550.4,1156387,2
2018-07-19 00:00:00+05:30,549.9,555.9,545.0,549.2,168603,3
2018-07-20 00:00:00+05:30,550.5,569.5,550.0,559.05,229385,4
2018-07-23 00:00:00+05:30,562.0,573.95,551.0,566.9,258146,0
2018-07-24 00:00:00+05:30,568.0,571.1,545.1,551.95,160080,1
2018-07-25 00:00:00+05:30,554.0,560.1,545.8,550.3,208362,2
2018-07-26 00:00:00+05:30,552.2,559.75,549.05,554.65,100700,3
2018-07-27 00:00:00+05:30,554.6,572.2,552.4,566.65,201259,4
2018-07-30 00:00:00+05:30,559.0,568.95,559.0,564.5,105192,0
2018-07-31 00:00:00+05:30,567.7,595.0,565.15,591.2,1472713,1
2018-08-01 00:00:00+05:30,594.9,599.8,548.0,567.5,3060524,2
2018-08-02 00:00:00+05:30,567.5,579.25,561.0,568.95,496327,3
2018-08-03 00:00:00+05:30,572.5,577.4,564.1,568.55,328942,4
2018-08-06 00:00:00+05:30,568.0,578.25,566.15,573.6,145941,0
2018-08-07 00:00:00+05:30,576.9,579.65,568.0,572.8,342094,1
2018-08-08 00:00:00+05:30,576.8,588.0,572.0,579.75,368321,2
2018-08-09 00:00:00+05:30,576.0,584.0,571.5,581.35,94541,3
2018-08-10 00:00:00+05:30,583.0,585.2,575.05,578.65,515519,4
2018-08-13 00:00:00+05:30,580.0,584.6,570.1,574.85,165152,0
2018-08-14 00:00:00+05:30,573.05,580.4,570.5,573.5,97556,1
2018-08-16 00:00:00+05:30,570.0,573.0,549.45,551.0,383196,3
2018-08-17 00:00:00+05:30,553.5,577.0,553.5,574.3,341194,4
2018-08-20 00:00:00+05:30,578.0,578.0,560.0,564.35,324950,0
2018-08-21 00:00:00+05:30,563.0,570.0,563.0,566.3,80825,1
2018-08-23 00:00:00+05:30,563.0,568.8,558.0,559.15,266191,3
2018-08-24 00:00:00+05:30,559.95,579.65,550.6,559.7,1386719,4
2018-08-27 00:00:00+05:30,559.0,563.75,536.1,548.15,332419,0
2018-08-28 00:00:00+05:30,551.0,562.0,550.1,553.85,340385,1
2018-08-29 00:00:00+05:30,554.0,570.0,554.0,565.2,1982608,2
2018-08-30 00:00:00+05:30,567.0,574.9,561.05,571.65,285460,3
2018-08-31 00:00:00+05:30,571.0,578.0,563.0,564.65,267227,4
2018-09-03 00:00:00+05:30,567.5,588.0,564.65,578.65,620799,0
2018-09-04 00:00:00+05:30,577.4,585.0,565.0,573.35,467392,1
2018-09-05 00:00:00+05:30,571.0,572.75,553.1,563.75,68731,2
2018-09-06 00:00:00+05:30,566.0,572.5,555.15,566.15,90203,3
2018-09-07 00:00:00+05:30,569.5,569.5,554.0,556.3,100872,4
2018-09-10 00:00:00+05:30,556.85,568.1,555.15,558.05,169744,0
2018-09-11 00:00:00+05:30,558.3,561.2,552.0,554.35,53972,1
2018-09-12 00:00:00+05:30,554.0,558.75,537.0,547.2,156567,2
2018-09-14 00:00:00+05:30,552.0,560.0,548.6,555.7,246396,4
2018-09-17 00:00:00+05:30,549.0,553.5,543.3,547.15,74398,0
2018-09-18 00:00:00+05:30,548.0,555.3,543.0,545.6,121375,1
2018-09-19 00:00:00+05:30,548.9,553.95,522.2,527.75,134150,2
2018-09-21 00:00:00+05:30,537.0,540.0,500.0,505.05,333671,4
2018-09-24 00:00:00+05:30,514.75,528.05,504.55,518.85,142667,0
2018-09-25 00:00:00+05:30,521.85,521.85,500.15,507.9,327088,1
2018-09-26 00:00:00+05:30,511.05,530.15,505.5,522.4,427090,2
2018-09-27 00:00:00+05:30,522.0,527.0,475.05,494.0,431997,3
2018-09-28 00:00:00+05:30,498.0,509.25,488.0,494.45,253544,4
2018-10-01 00:00:00+05:30,497.2,502.45,478.2,498.45,122440,0
2018-10-03 00:00:00+05:30,498.45,514.95,491.0,494.8,199301,2
2018-10-04 00:00:00+05:30,490.0,494.5,466.0,473.75,265583,3
2018-10-05 00:00:00+05:30,470.0,470.0,415.0,446.85,1567636,4
2018-10-08 00:00:00+05:30,444.0,460.0,440.05,452.95,337439,0
2018-10-09 00:00:00+05:30,455.7,456.0,399.95,422.35,1263237,1
2018-10-10 00:00:00+05:30,426.35,445.85,407.3,434.3,565424,2
2018-10-11 00:00:00+05:30,420.1,445.0,413.6,438.75,367447,3
2018-10-12 00:00:00+05:30,443.0,452.5,432.5,443.8,576261,4
2018-10-15 00:00:00+05:30,449.0,456.85,442.25,447.35,125140,0
2018-10-16 00:00:00+05:30,447.0,450.1,441.1,446.8,78591,1
2018-10-17 00:00:00+05:30,449.5,452.5,428.0,431.2,179059,2
2018-10-19 00:00:00+05:30,431.0,435.0,415.35,432.4,262897,4
2018-10-22 00:00:00+05:30,434.8,434.8,416.0,419.95,152427,0
2018-10-23 00:00:00+05:30,419.95,436.8,409.0,422.05,245162,1
2018-10-24 00:00:00+05:30,424.0,425.8,408.3,418.25,891267,2
2018-10-25 00:00:00+05:30,409.0,415.95,400.45,405.4,133233,3
2018-10-26 00:00:00+05:30,404.9,404.9,391.3,396.25,238579,4
2018-10-29 00:00:00+05:30,400.05,403.55,395.1,399.65,92540,0
2018-10-30 00:00:00+05:30,400.75,418.0,396.1,402.4,649844,1
2018-10-31 00:00:00+05:30,397.0,399.1,385.2,395.1,454417,2
2018-11-01 00:00:00+05:30,398.85,403.55,394.5,396.35,343292,3
2018-11-02 00:00:00+05:30,400.85,425.85,398.65,421.75,535081,4
2018-11-05 00:00:00+05:30,425.0,428.95,415.05,425.0,221218,0
2018-11-06 00:00:00+05:30,425.0,425.0,415.0,417.15,84007,1
2018-11-07 00:00:00+05:30,418.9,423.3,418.9,421.25,13797,2
2018-11-09 00:00:00+05:30,429.0,429.0,412.85,419.2,326134,4
2018-11-12 00:00:00+05:30,428.0,436.6,419.55,434.1,121377,0
2018-11-13 00:00:00+05:30,434.0,439.85,417.0,435.55,1057102,1
2018-11-14 00:00:00+05:30,432.15,440.85,432.05,437.15,77830,2
2018-11-15 00:00:00+05:30,434.5,469.7,430.0,460.35,209819,3
2018-11-16 00:00:00+05:30,459.9,466.65,452.5,461.3,136552,4
2018-11-19 00:00:00+05:30,463.95,465.95,453.55,455.9,121252,0
2018-11-20 00:00:00+05:30,456.85,457.9,438.05,444.7,119029,1
2018-11-21 00:00:00+05:30,441.3,445.7,433.5,442.45,251278,2
2018-11-22 00:00:00+05:30,442.45,451.0,430.0,434.85,1455839,3
2018-11-26 00:00:00+05:30,436.1,441.8,432.05,438.95,195838,0
2018-11-27 00:00:00+05:30,438.95,444.0,433.85,440.35,96705,1
2018-11-28 00:00:00+05:30,440.35,447.6,425.0,430.7,245736,2
2018-11-29 00:00:00+05:30,431.55,443.55,430.8,435.6,159695,3
2018-11-30 00:00:00+05:30,439.0,443.95,425.15,437.45,558754,4
2018-12-03 00:00:00+05:30,440.0,440.1,432.0,434.4,136267,0
2018-12-04 00:00:00+05:30,436.8,445.8,432.2,440.45,146908,1
2018-12-05 00:00:00+05:30,439.75,439.75,431.1,434.2,40604,2
2018-12-06 00:00:00+05:30,431.0,431.0,411.05,415.85,441987,3
2018-12-07 00:00:00+05:30,416.15,424.45,404.0,404.9,891073,4
2018-12-10 00:00:00+05:30,402.85,410.0,397.05,403.45,79335,0
2018-12-11 00:00:00+05:30,402.0,416.7,399.0,414.5,93188,1
2018-12-12 00:00:00+05:30,417.5,437.0,414.85,434.25,522718,2
2018-12-13 00:00:00+05:30,437.75,438.9,428.1,435.95,223748,3
2018-12-14 00:00:00+05:30,435.95,438.0,429.5,436.3,82105,4
2018-12-17 00:00:00+05:30,437.9,441.0,431.0,439.25,153244,0
2018-12-18 00:00:00+05:30,438.0,440.5,433.05,435.35,58478,1
2018-12-19 00:00:00+05:30,435.55,440.7,428.0,431.45,120044,2
2018-12-20 00:00:00+05:30,430.8,430.8,422.2,424.85,116625,3
2018-12-21 00:00:00+05:30,425.95,432.85,408.2,412.35,392330,4
2018-12-24 00:00:00+05:30,412.5,414.75,400.05,401.85,498410,0
2018-12-26 00:00:00+05:30,400.0,408.05,396.0,405.15,200046,2
2018-12-27 00:00:00+05:30,406.25,409.85,402.05,405.25,140756,3
2018-12-28 00:00:00+05:30,405.4,412.9,404.75,409.15,120310,4
2018-12-31 00:00:00+05:30,410.6,425.45,406.3,420.1,213267,0
2019-01-01 00:00:00+05:30,418.5,425.5,415.25,418.05,99409,1
2019-01-02 00:00:00+05:30,421.0,425.5,418.4,422.7,1138318,2
2019-01-03 00:00:00+05:30,421.6,429.2,419.95,421.85,115813,3
2019-01-04 00:00:00+05:30,422.6,423.25,414.0,418.75,53267,4
2019-01-07 00:00:00+05:30,420.15,422.0,417.0,418.7,50930,0
2019-01-08 00:00:00+05:30,421.0,424.85,418.25,422.75,167556,1
2019-01-09 00:00:00+05:30,423.0,425.6,420.35,421.4,80911,2
2019-01-10 00:00:00+05:30,421.4,426.85,420.3,423.55,68315,3
2019-01-11 00:00:00+05:30,421.1,437.9,421.1,433.05,348976,4
2019-01-14 00:00:00+05:30,435.7,447.8,421.0,426.7,500904,0
2019-01-15 00:00:00+05:30,427.55,441.9,427.55,439.45,630693,1
2019-01-16 00:00:00+05:30,439.9,440.9,432.0,435.85,54879,2
2019-01-17 00:00:00+05:30,438.75,439.2,432.0,437.55,94021,3
2019-01-18 00:00:00+05:30,437.0,437.3,430.0,433.5,238313,4
2019-01-21 00:00:00+05:30,435.6,440.3,422.8,427.55,54465,0
2019-01-22 00:00:00+05:30,427.0,428.65,416.1,423.95,43938,1
2019-01-23 00:00:00+05:30,426.0,426.5,414.1,417.9,737527,2
2019-01-24 00:00:00+05:30,421.0,421.2,413.1,418.8,63993,3
2019-01-25 00:00:00+05:30,422.0,428.0,415.3,418.95,81317,4
2019-01-28 00:00:00+05:30,422.0,425.0,391.0,405.65,364195,0
2019-01-29 00:00:00+05:30,403.2,408.0,395.65,403.4,205766,1
2019-01-30 00:00:00+05:30,405.5,424.95,398.3,415.75,259610,2
2019-01-31 00:00:00+05:30,421.15,422.5,401.0,410.9,538960,3
2019-02-01 00:00:00+05:30,415.0,419.3,408.1,414.5,111967,4
2019-02-04 00:00:00+05:30,414.0,414.0,405.1,408.15,60211,0
2019-02-05 00:00:00+05:30,409.9,409.9,402.0,405.35,70860,1
2019-02-06 00:00:00+05:30,405.7,409.0,400.3,403.4,274961,2
2019-02-07 00:00:00+05:30,404.85,405.8,392.7,397.65,903932,3
2019-02-08 00:00:00+05:30,395.0,396.7,380.1,383.35,427932,4
2019-02-11 00:00:00+05:30,380.05,385.7,336.2,369.2,1813844,0
2019-02-12 00:00:00+05:30,368.0,370.75,353.0,359.4,1883878,1
2019-02-13 00:00:00+05:30,358.0,364.0,354.45,357.4,403002,2
2019-02-14 00:00:00+05:30,358.0,361.3,350.2,354.2,396017,3
2019-02-15 00:00:00+05:30,355.95,362.9,348.0,359.95,972283,4
2019-02-18 00:00:00+05:30,362.15,369.7,356.0,361.95,1610659,0
2019-02-19 00:00:00+05:30,367.0,416.0,364.05,410.0,8022072,1
2019-02-20 00:00:00+05:30,408.0,412.0,391.0,395.15,1701426,2
2019-02-21 00:00:00+05:30,390.0,410.0,385.45,395.5,1597468,3
2019-02-22 00:00:00+05:30,396.8,403.0,395.0,399.65,631883,4
2019-02-25 00:00:00+05:30,399.9,405.0,397.0,398.6,260198,0
2019-02-26 00:00:00+05:30,388.0,406.9,385.5,399.15,418376,1
2019-02-27 00:00:00+05:30,400.9,404.5,396.1,399.7,307874,2
2019-02-28 00:00:00+05:30,400.0,400.7,388.0,391.75,973062,3
2019-03-01 00:00:00+05:30,396.4,402.0,393.15,395.6,297298,4
2019-03-05 00:00:00+05:30,394.0,402.0,394.0,399.2,165397,1
2019-03-06 00:00:00+05:30,402.0,405.0,397.5,398.75,131850,2
2019-03-07 00:00:00+05:30,400.0,402.6,390.25,391.6,205340,3
2019-03-08 00:00:00+05:30,392.0,394.85,381.1,383.1,620653,4
2019-03-11 00:00:00+05:30,385.1,400.05,383.25,397.7,957202,0
2019-03-12 00:00:00+05:30,401.0,407.95,399.25,400.3,294779,1
2019-03-13 00:00:00+05:30,402.0,403.45,398.0,399.85,397616,2
2019-03-14 00:00:00+05:30,402.15,402.15,397.3,398.85,139186,3
2019-03-15 00:00:00+05:30,401.9,402.9,387.0,393.7,811161,4
2019-03-18 00:00:00+05:30,396.25,401.0,395.0,397.1,858441,0
2019-03-19 00:00:00+05:30,400.1,401.9,395.6,397.75,241804,1
2019-03-20 00:00:00+05:30,397.75,401.75,396.0,397.7,427779,2
2019-03-22 00:00:00+05:30,397.0,400.0,392.2,397.1,455986,4
2019-03-25 00:00:00+05:30,394.7,397.1,390.1,392.15,252213,0
2019-03-26 00:00:00+05:30,394.0,396.0,391.05,393.25,204307,1
2019-03-27 00:00:00+05:30,396.0,411.6,392.0,397.95,768136,2
2019-03-28 00:00:00+05:30,398.4,405.0,396.0,397.75,167935,3
2019-03-29 00:00:00+05:30,399.7,402.75,399.0,400.0,181969,4
2019-04-01 00:00:00+05:30,401.9,409.6,401.05,404.2,246572,0
2019-04-02 00:00:00+05:30,405.0,415.0,405.0,410.0,443970,1
2019-04-03 00:00:00+05:30,413.9,415.4,405.7,408.9,434509,2
2019-04-04 00:00:00+05:30,410.0,414.6,407.5,410.6,344440,3
2019-04-05 00:00:00+05:30,409.7,414.65,405.8,412.0,411925,4
2019-04-08 00:00:00+05:30,412.8,412.8,408.3,410.1,100999,0
2019-04-09 00:00:00+05:30,410.0,411.2,400.0,402.45,196145,1
2019-04-10 00:00:00+05:30,402.0,407.9,400.6,406.25,119254,2
2019-04-11 00:00:00+05:30,406.2,407.4,399.95,402.45,141805,3
2019-04-12 00:00:00+05:30,401.9,406.95,400.2,401.45,86331,4
2019-04-15 00:00:00+05:30,403.3,403.95,393.5,398.15,210214,0
2019-04-16 00:00:00+05:30,399.95,403.4,390.0,396.85,573453,1
2019-04-18 00:00:00+05:30,395.0,397.75,391.2,394.2,187496,3
2019-04-22 00:00:00+05:30,394.0,395.15,390.45,391.35,92205,0
2019-04-23 00:00:00+05:30,393.7,397.0,389.25,392.85,328840,1
2019-04-24 00:00:00+05:30,393.35,396.85,390.65,392.9,133891,2
2019-04-25 00:00:00+05:30,393.3,396.0,392.0,394.5,78677,3
2019-04-26 00:00:00+05:30,395.0,395.2,385.0,386.5,116170,4
2019-04-30 00:00:00+05:30,385.95,392.0,382.0,387.2,107297,1
2019-05-02 00:00:00+05:30,385.85,388.35,380.0,383.15,96743,3
2019-05-03 00:00:00+05:30,383.15,386.3,376.0,378.75,147323,4
2019-05-06 00:00:00+05:30,377.95,380.0,373.05,378.9,101774,0
2019-05-07 00:00:00+05:30,382.0,383.5,370.0,374.85,158485,1
2019-05-08 00:00:00+05:30,372.0,378.0,365.6,371.05,250334,2
2019-05-09 00:00:00+05:30,367.5,370.1,362.0,367.65,254057,3
2019-05-10 00:00:00+05:30,367.75,374.9,357.0,367.35,192802,4
2019-05-13 00:00:00+05:30,366.0,369.95,355.65,367.05,176336,0
2019-05-14 00:00:00+05:30,365.0,368.0,356.2,364.65,503298,1
2019-05-15 00:00:00+05:30,362.3,383.4,362.3,378.9,462910,2
2019-05-16 00:00:00+05:30,378.9,383.45,372.0,375.25,276555,3
2019-05-17 00:00:00+05:30,373.0,380.05,364.05,368.7,414106,4
2019-05-20 00:00:00+05:30,372.35,376.35,364.55,367.7,444223,0
2019-05-21 00:00:00+05:30,369.5,373.15,356.0,360.35,214740,1
2019-05-22 00:00:00+05:30,367.0,368.0,355.25,356.95,809819,2
2019-05-23 00:00:00+05:30,359.95,360.55,352.4,356.55,256150,3
2019-05-24 00:00:00+05:30,356.55,360.5,356.3,359.7,176479,4
2019-05-27 00:00:00+05:30,362.4,370.0,356.1,357.6,217405,0
2019-05-28 00:00:00+05:30,350.0,353.0,340.2,341.75,553644,1
2019-05-29 00:00:00+05:30,341.75,347.45,340.0,342.75,526315,2
2019-05-30 00:00:00+05:30,342.95,346.0,332.95,343.1,302533,3
2019-05-31 00:00:00+05:30,345.9,350.95,343.8,348.3,218844,4
2019-06-03 00:00:00+05:30,351.0,354.25,348.0,349.35,155681,0
2019-06-04 00:00:00+05:30,350.0,352.9,345.0,346.45,109993,1
2019-06-06 00:00:00+05:30,346.45,349.45,342.1,347.2,266282,3
2019-06-07 00:00:00+05:30,351.0,353.0,340.0,341.3,179001,4
2019-06-10 00:00:00+05:30,343.95,345.55,337.1,343.1,209298,0
2019-06-11 00:00:00+05:30,343.9,343.9,337.9,339.7,135209,1
2019-06-12 00:00:00+05:30,339.7,341.0,337.15,339.45,105993,2
2019-06-13 00:00:00+05:30,340.0,340.95,333.7,336.75,179596,3
2019-06-14 00:00:00+05:30,338.4,338.4,330.0,331.95,271328,4
2019-06-17 00:00:00+05:30,330.9,333.0,323.05,327.65,266569,0
2019-06-18 00:00:00+05:30,329.3,329.6,317.1,321.6,487713,1
2019-06-19 00:00:00+05:30,320.8,324.0,315.0,317.15,166534,2
2019-06-20 00:00:00+05:30,312.0,313.8,304.5,308.0,538271,3
2019-06-21 00:00:00+05:30,307.0,307.4,283.3,289.3,1118767,4
2019-06-24 00:00:00+05:30,279.9,284.9,245.9,267.25,22507454,0
2019-06-25 00:00:00+05:30,271.4,301.0,271.0,290.35,12968646,1
2019-06-26 00:00:00+05:30,288.4,326.0,286.0,318.05,7158876,2
2019-06-27 00:00:00+05:30,320.0,322.0,300.5,302.6,2836596,3
2019-06-28 00:00:00+05:30,302.0,309.65,291.25,299.1,2817602,4
2019-07-01 00:00:00+05:30,297.5,308.8,295.0,296.65,912631,0
2019-07-02 00:00:00+05:30,295.8,304.45,295.8,302.9,1292462,1
2019-07-03 00:00:00+05:30,304.75,304.75,301.6,303.0,732334,2
2019-07-04 00:00:00+05:30,304.0,309.0,298.0,307.7,750264,3
2019-07-05 00:00:00+05:30,309.0,310.9,304.5,307.95,728475,4
2019-07-08 00:00:00+05:30,308.25,308.25,300.3,302.95,861531,0
2019-07-09 00:00:00+05:30,301.1,304.1,291.35,301.0,880179,1
2019-07-10 00:00:00+05:30,299.9,303.7,294.05,296.7,302451,2
2019-07-11 00:00:00+05:30,300.6,304.9,297.0,300.8,356823,3
2019-07-12 00:00:00+05:30,302.65,312.8,301.6,310.1,1148826,4
2019-07-15 00:00:00+05:30,313.0,318.5,311.55,315.4,513153,0
2019-07-16 00:00:00+05:30,315.0,330.0,314.9,319.9,674006,1
2019-07-17 00:00:00+05:30,321.85,325.8,320.0,323.2,337135,2
2019-07-18 00:00:00+05:30,323.0,325.5,319.0,321.4,162074,3
2019-07-19 00:00:00+05:30,324.75,329.25,318.0,319.8,335701,4
2019-07-22 00:00:00+05:30,319.0,324.5,314.3,318.3,246356,0
2019-07-23 00:00:00+05:30,319.0,321.75,316.0,320.0,365166,1
2019-07-24 00:00:00+05:30,320.0,323.9,318.05,319.35,1481098,2
2019-07-25 00:00:00+05:30,319.6,325.0,316.1,319.25,267344,3
2019-07-26 00:00:00+05:30,318.5,325.85,318.0,321.55,537817,4
2019-07-29 00:00:00+05:30,323.8,328.4,321.05,325.5,393214,0
2019-07-30 00:00:00+05:30,323.45,329.0,319.75,321.7,401374,1
2019-07-31 00:00:00+05:30,321.0,325.95,318.25,320.1,235594,2
2019-08-01 00:00:00+05:30,318.4,325.8,316.1,317.5,1334265,3
2019-08-02 00:00:00+05:30,317.5,317.5,301.0,311.85,344833,4
2019-08-05 00:00:00+05:30,309.9,316.2,308.85,310.65,179076,0
2019-08-06 00:00:00+05:30,312.5,315.5,310.25,314.4,477131,1
2019-08-07 00:00:00+05:30,313.05,316.35,302.5,309.05,1285690,2
2019-08-08 00:00:00+05:30,309.85,319.8,300.5,312.05,1523814,3
2019-08-09 00:00:00+05:30,314.0,318.9,305.1,311.65,303932,4
2019-08-13 00:00:00+05:30,314.75,314.75,296.2,300.45,175834,1
2019-08-14 00:00:00+05:30,302.5,305.0,296.3,298.9,937824,2
2019-08-16 00:00:00+05:30,298.7,304.4,295.55,301.45,212120,4
2019-08-19 00:00:00+05:30,302.0,304.35,297.5,298.95,326938,0
2019-08-20 00:00:00+05:30,298.95,301.75,291.5,297.25,166635,1
2019-08-21 00:00:00+05:30,299.85,301.0,292.15,292.8,230123,2
2019-08-22 00:00:00+05:30,295.0,295.0,280.0,282.85,75540,3
2019-08-23 00:00:00+05:30,282.0,291.85,280.0,289.6,229160,4
2019-08-26 00:00:00+05:30,293.0,295.35,285.6,293.25,586960,0
2019-08-27 00:00:00+05:30,294.9,309.4,292.55,302.4,448048,1
2019-08-28 00:00:00+05:30,304.0,306.0,300.0,301.1,147514,2
2019-08-29 00:00:00+05:30,301.3,303.0,291.0,296.55,112590,3
2019-08-30 00:00:00+05:30,295.95,300.95,295.0,297.0,93131,4
2019-09-03 00:00:00+05:30,299.1,301.1,295.85,299.8,102074,1
2019-09-04 00:00:00+05:30,303.0,304.9,297.5,299.0,285780,2
2019-09-05 00:00:00+05:30,299.25,299.65,294.5,296.45,278712,3
2019-09-06 00:00:00+05:30,297.0,300.0,294.15,294.75,235017,4
2019-09-09 00:00:00+05:30,297.0,299.15,293.0,294.6,226288,0
2019-09-11 00:00:00+05:30,290.1,296.3,289.55,290.05,2382663,2
2019-09-12 00:00:00+05:30,292.3,305.3,291.7,300.25,3138700,3
2019-09-13 00:00:00+05:30,295.0,303.3,295.0,299.5,607368,4
2019-09-16 00:00:00+05:30,291.7,320.0,291.7,311.85,425307,0
2019-09-17 00:00:00+05:30,314.65,318.9,308.0,313.3,644267,1
2019-09-18 00:00:00+05:30,316.95,324.8,311.1,314.8,418087,2
2019-09-19 00:00:00+05:30,316.75,316.85,307.35,310.7,228368,3
2019-09-20 00:00:00+05:30,313.8,325.0,312.65,324.15,1002456,4
2019-09-23 00:00:00+05:30,328.75,343.0,324.15,336.55,605287,0
2019-09-24 00:00:00+05:30,339.4,341.0,315.1,331.2,401266,1
2019-09-25 00:00:00+05:30,334.0,334.0,320.5,329.8,350807,2
2019-09-26 00:00:00+05:30,331.35,331.35,320.25,325.8,2410730,3
2019-09-27 00:00:00+05:30,320.85,328.4,316.8,320.2,278395,4
2019-09-30 00:00:00+05:30,320.95,322.1,316.0,318.6,248480,0
2019-10-01 00:00:00+05:30,319.8,322.35,310.6,315.5,138036,1
2019-10-03 00:00:00+05:30,317.95,319.7,301.0,315.05,897532,3
2019-10-04 00:00:00+05:30,314.9,319.0,307.75,310.0,263246,4
2019-10-07 00:00:00+05:30,308.0,310.05,297.25,300.35,614234,0
2019-10-09 00:00:00+05:30,300.0,301.15,297.35,299.75,764542,2
2019-10-10 00:00:00+05:30,299.05,301.15,295.1,300.15,381481,3
2019-10-11 00:00:00+05:30,301.1,304.55,299.5,302.05,58773,4
2019-10-14 00:00:00+05:30,302.9,307.15,300.0,305.55,47325,0
2019-10-15 00:00:00+05:30,305.0,305.0,300.05,302.3,445370,1
2019-10-16 00:00:00+05:30,305.0,321.0,304.8,318.5,278779,2
2019-10-17 00:00:00+05:30,320.6,351.9,315.35,343.0,2509583,3
2019-10-18 00:00:00+05:30,342.9,355.4,335.0,351.1,1104751,4
2019-10-22 00:00:00+05:30,347.0,347.0,326.25,338.75,288370,1
2019-10-23 00:00:00+05:30,339.0,343.8,333.95,337.1,93633,2
2019-10-24 00:00:00+05:30,334.25,337.85,331.0,335.6,1069689,3
2019-10-25 00:00:00+05:30,335.6,335.8,319.5,325.95,473236,4
2019-10-27 00:00:00+05:30,329.75,333.0,325.25,331.1,21467,6
2019-10-29 00:00:00+05:30,328.9,333.0,322.0,329.75,244166,1
2019-10-30 00:00:00+05:30,329.75,334.9,323.9,325.85,189502,2
2019-10-31 00:00:00+05:30,327.75,331.4,324.1,327.15,285164,3
2019-11-01 00:00:00+05:30,325.0,335.6,325.0,327.55,131190,4
2019-11-04 00:00:00+05:30,328.75,335.5,325.1,329.55,231015,0
2019-11-05 00:00:00+05:30,330.0,332.8,325.55,328.55,247536,1
2019-11-06 00:00:00+05:30,329.5,333.0,320.15,326.7,377140,2
2019-11-07 00:00:00+05:30,330.15,330.9,322.65,325.75,539891,3
2019-11-08 00:00:00+05:30,327.35,327.8,321.25,324.5,180342,4
2019-11-11 00:00:00+05:30,325.0,326.8,321.3,324.1,88772,0
2019-11-13 00:00:00+05:30,327.0,330.85,322.0,324.8,149828,2
2019-11-14 00:00:00+05:30,323.95,326.15,316.85,319.0,99153,3
2019-11-15 00:00:00+05:30,322.3,322.3,312.1,313.65,102497,4
2019-11-18 00:00:00+05:30,315.3,318.1,312.5,316.05,128718,0
2019-11-19 00:00:00+05:30,317.0,318.0,312.75,313.9,129237,1
2019-11-20 00:00:00+05:30,314.25,325.0,313.0,320.15,102519,2
2019-11-21 00:00:00+05:30,320.7,322.95,312.25,313.05,55340,3
2019-11-22 00:00:00+05:30,315.0,315.9,312.5,313.05,109420,4
2019-11-25 00:00:00+05:30,313.1,318.75,313.05,315.7,86812,0
2019-11-26 00:00:00+05:30,317.2,318.65,313.1,315.0,306985,1
2019-11-27 00:00:00+05:30,314.05,318.0,314.05,315.25,58259,2
2019-11-28 00:00:00+05:30,316.7,318.0,314.5,315.9,47176,3
2019-11-29 00:00:00+05:30,316.5,317.7,313.9,315.15,63086,4
2019-12-02 00:00:00+05:30,315.5,318.4,310.75,316.4,214081,0
2019-12-03 00:00:00+05:30,319.2,336.0,317.85,324.6,578615,1
2019-12-04 00:00:00+05:30,324.0,324.0,318.2,320.0,737486,2
2019-12-05 00:00:00+05:30,323.0,328.0,318.2,320.75,114269,3
2019-12-06 00:00:00+05:30,322.0,322.6,317.1,318.05,156863,4
2019-12-09 00:00:00+05:30,320.1,320.1,310.05,315.75,218192,0
2019-12-10 00:00:00+05:30,316.5,316.5,304.45,310.5,954127,1
2019-12-11 00:00:00+05:30,310.0,310.95,298.6,302.05,214635,2
2019-12-12 00:00:00+05:30,302.05,315.0,302.05,310.65,102275,3
2019-12-13 00:00:00+05:30,312.2,316.6,306.3,309.95,222982,4
2019-12-16 00:00:00+05:30,311.5,312.1,305.1,305.7,111615,0
2019-12-17 00:00:00+05:30,307.6,309.4,303.0,305.35,114659,1
2019-12-18 00:00:00+05:30,307.0,307.1,301.45,304.3,190286,2
2019-12-19 00:00:00+05:30,309.0,309.0,303.05,307.8,79466,3
2019-12-20 00:00:00+05:30,308.5,310.0,299.2,301.65,205130,4
2019-12-23 00:00:00+05:30,310.0,310.7,304.0,304.95,260078,0
2019-12-24 00:00:00+05:30,309.0,310.05,302.5,303.7,221699,1
2019-12-26 00:00:00+05:30,305.5,310.05,302.0,304.25,219095,3
2019-12-27 00:00:00+05:30,305.25,308.15,303.35,306.6,78219,4
2019-12-30 00:00:00+05:30,308.7,308.7,305.0,307.2,63155,0
2019-12-31 00:00:00+05:30,307.1,310.0,305.0,309.9,130136,1
2020-01-01 00:00:00+05:30,310.0,315.0,309.9,312.55,80450,2
2020-01-02 00:00:00+05:30,312.8,314.0,309.1,312.0,124367,3
2020-01-03 00:00:00+05:30,312.0,318.0,310.65,315.5,77456,4
2020-01-06 00:00:00+05:30,315.0,317.9,303.05,306.25,195313,0
2020-01-07 00:00:00+05:30,311.0,311.0,299.0,302.0,416453,1
2020-01-08 00:00:00+05:30,302.85,306.0,299.45,303.05,281670,2
2020-01-09 00:00:00+05:30,307.0,310.5,302.6,303.4,82727,3
2020-01-10 00:00:00+05:30,305.0,307.0,301.85,303.4,226032,4
2020-01-13 00:00:00+05:30,305.9,310.9,305.0,308.95,286152,0
2020-01-14 00:00:00+05:30,308.95,315.0,307.3,312.05,444480,1
2020-01-15 00:00:00+05:30,314.0,314.0,308.45,311.55,181088,2
2020-01-16 00:00:00+05:30,312.3,327.3,309.5,321.3,1959816,3
2020-01-17 00:00:00+05:30,323.9,357.7,323.0,351.35,1853225,4
2020-01-20 00:00:00+05:30,352.0,354.35,337.5,343.95,1491191,0
2020-01-21 00:00:00+05:30,340.2,341.3,328.8,335.15,421981,1
2020-01-22 00:00:00+05:30,336.85,342.95,334.0,335.75,1185795,2
2020-01-23 00:00:00+05:30,336.6,338.0,330.0,335.8,824544,3
2020-01-24 00:00:00+05:30,337.5,340.0,331.25,336.1,412449,4
